INSERT INTO match (Team_1, Team_2, Date, Year) VALUES (1,1322,1323,'2022-12-18',2022);
INSERT INTO match (Team_1, Team_2, Date, Year) VALUES (2,1324,1325,'2022-12-17',2022);
INSERT INTO match (Team_1, Team_2, Date, Year) VALUES (3,1323,1325,'2022-12-14',2022);
INSERT INTO match (Team_1, Team_2, Date, Year) VALUES (4,1322,1324,'2022-12-13',2022);
INSERT INTO match (Team_1, Team_2, Date, Year) VALUES (5,1325,1326,'2022-12-10',2022);
INSERT INTO match (Team_1, Team_2, Date, Year) VALUES (6,1327,1323,'2022-12-10',2022);
INSERT INTO match (Team_1, Team_2, Date, Year) VALUES (7,1324,1328,'2022-12-09',2022);
INSERT INTO match (Team_1, Team_2, Date, Year) VALUES (8,1329,1322,'2022-12-09',2022);
INSERT INTO match (Team_1, Team_2, Date, Year) VALUES (9,1325,1330,'2022-12-06',2022);
INSERT INTO match (Team_1, Team_2, Date, Year) VALUES (10,1326,1331,'2022-12-06',2022);
INSERT INTO match (Team_1, Team_2, Date, Year) VALUES (11,1332,1324,'2022-12-05',2022);
INSERT INTO match (Team_1, Team_2, Date, Year) VALUES (12,1328,1333,'2022-12-05',2022);
INSERT INTO match (Team_1, Team_2, Date, Year) VALUES (13,1323,1334,'2022-12-04',2022);
INSERT INTO match (Team_1, Team_2, Date, Year) VALUES (14,1327,1335,'2022-12-04',2022);
INSERT INTO match (Team_1, Team_2, Date, Year) VALUES (15,1329,1336,'2022-12-03',2022);
INSERT INTO match (Team_1, Team_2, Date, Year) VALUES (16,1322,1337,'2022-12-03',2022);
INSERT INTO match (Team_1, Team_2, Date, Year) VALUES (17,1333,1326,'2022-12-02',2022);
INSERT INTO match (Team_1, Team_2, Date, Year) VALUES (18,1338,1339,'2022-12-02',2022);
INSERT INTO match (Team_1, Team_2, Date, Year) VALUES (19,1340,1328,'2022-12-02',2022);
INSERT INTO match (Team_1, Team_2, Date, Year) VALUES (20,1341,1331,'2022-12-02',2022);
INSERT INTO match (Team_1, Team_2, Date, Year) VALUES (21,1342,1325,'2022-12-01',2022);
INSERT INTO match (Team_1, Team_2, Date, Year) VALUES (22,1324,1343,'2022-12-01',2022);
INSERT INTO match (Team_1, Team_2, Date, Year) VALUES (23,1344,1345,'2022-12-01',2022);
INSERT INTO match (Team_1, Team_2, Date, Year) VALUES (24,1332,1330,'2022-12-01',2022);
INSERT INTO match (Team_1, Team_2, Date, Year) VALUES (25,1337,1346,'2022-11-30',2022);
INSERT INTO match (Team_1, Team_2, Date, Year) VALUES (26,1347,1323,'2022-11-30',2022);
INSERT INTO match (Team_1, Team_2, Date, Year) VALUES (27,1348,1349,'2022-11-30',2022);
INSERT INTO match (Team_1, Team_2, Date, Year) VALUES (28,1334,1322,'2022-11-30',2022);
INSERT INTO match (Team_1, Team_2, Date, Year) VALUES (29,1350,1335,'2022-11-29',2022);
INSERT INTO match (Team_1, Team_2, Date, Year) VALUES (30,1329,1351,'2022-11-29',2022);
INSERT INTO match (Team_1, Team_2, Date, Year) VALUES (31,1352,1336,'2022-11-29',2022);
INSERT INTO match (Team_1, Team_2, Date, Year) VALUES (32,1353,1327,'2022-11-29',2022);
INSERT INTO match (Team_1, Team_2, Date, Year) VALUES (33,1340,1341,'2022-11-28',2022);
INSERT INTO match (Team_1, Team_2, Date, Year) VALUES (34,1333,1338,'2022-11-28',2022);
INSERT INTO match (Team_1, Team_2, Date, Year) VALUES (35,1328,1331,'2022-11-28',2022);
INSERT INTO match (Team_1, Team_2, Date, Year) VALUES (36,1326,1339,'2022-11-28',2022);
INSERT INTO match (Team_1, Team_2, Date, Year) VALUES (37,1332,1344,'2022-11-27',2022);
INSERT INTO match (Team_1, Team_2, Date, Year) VALUES (38,1343,1325,'2022-11-27',2022);
INSERT INTO match (Team_1, Team_2, Date, Year) VALUES (39,1324,1342,'2022-11-27',2022);
INSERT INTO match (Team_1, Team_2, Date, Year) VALUES (40,1330,1345,'2022-11-27',2022);
INSERT INTO match (Team_1, Team_2, Date, Year) VALUES (41,1347,1337,'2022-11-26',2022);
INSERT INTO match (Team_1, Team_2, Date, Year) VALUES (42,1334,1348,'2022-11-26',2022);
INSERT INTO match (Team_1, Team_2, Date, Year) VALUES (43,1323,1346,'2022-11-26',2022);
INSERT INTO match (Team_1, Team_2, Date, Year) VALUES (44,1322,1349,'2022-11-26',2022);
INSERT INTO match (Team_1, Team_2, Date, Year) VALUES (45,1353,1352,'2022-11-25',2022);
INSERT INTO match (Team_1, Team_2, Date, Year) VALUES (46,1351,1335,'2022-11-25',2022);
INSERT INTO match (Team_1, Team_2, Date, Year) VALUES (47,1329,1350,'2022-11-25',2022);
INSERT INTO match (Team_1, Team_2, Date, Year) VALUES (48,1327,1336,'2022-11-25',2022);
INSERT INTO match (Team_1, Team_2, Date, Year) VALUES (49,1331,1340,'2022-11-24',2022);
INSERT INTO match (Team_1, Team_2, Date, Year) VALUES (50,1339,1333,'2022-11-24',2022);
INSERT INTO match (Team_1, Team_2, Date, Year) VALUES (51,1326,1338,'2022-11-24',2022);
INSERT INTO match (Team_1, Team_2, Date, Year) VALUES (52,1328,1341,'2022-11-24',2022);
INSERT INTO match (Team_1, Team_2, Date, Year) VALUES (53,1325,1324,'2022-11-23',2022);
INSERT INTO match (Team_1, Team_2, Date, Year) VALUES (54,1345,1332,'2022-11-23',2022);
INSERT INTO match (Team_1, Team_2, Date, Year) VALUES (55,1330,1344,'2022-11-23',2022);
INSERT INTO match (Team_1, Team_2, Date, Year) VALUES (56,1343,1342,'2022-11-23',2022);
INSERT INTO match (Team_1, Team_2, Date, Year) VALUES (57,1322,1348,'2022-11-22',2022);
INSERT INTO match (Team_1, Team_2, Date, Year) VALUES (58,1346,1347,'2022-11-22',2022);
INSERT INTO match (Team_1, Team_2, Date, Year) VALUES (59,1349,1334,'2022-11-22',2022);
INSERT INTO match (Team_1, Team_2, Date, Year) VALUES (60,1323,1337,'2022-11-22',2022);
INSERT INTO match (Team_1, Team_2, Date, Year) VALUES (61,1327,1352,'2022-11-21',2022);
INSERT INTO match (Team_1, Team_2, Date, Year) VALUES (62,1335,1329,'2022-11-21',2022);
INSERT INTO match (Team_1, Team_2, Date, Year) VALUES (63,1336,1353,'2022-11-21',2022);
INSERT INTO match (Team_1, Team_2, Date, Year) VALUES (64,1351,1350,'2022-11-20',2022);
INSERT INTO match (Team_1, Team_2, Date, Year) VALUES (65,1354,1355,'2018-07-15',2018);
INSERT INTO match (Team_1, Team_2, Date, Year) VALUES (66,1356,1357,'2018-07-14',2018);
INSERT INTO match (Team_1, Team_2, Date, Year) VALUES (67,1355,1357,'2018-07-11',2018);
INSERT INTO match (Team_1, Team_2, Date, Year) VALUES (68,1354,1356,'2018-07-10',2018);
INSERT INTO match (Team_1, Team_2, Date, Year) VALUES (69,1358,1357,'2018-07-07',2018);
INSERT INTO match (Team_1, Team_2, Date, Year) VALUES (70,1359,1355,'2018-07-07',2018);
INSERT INTO match (Team_1, Team_2, Date, Year) VALUES (71,1360,1354,'2018-07-06',2018);
INSERT INTO match (Team_1, Team_2, Date, Year) VALUES (72,1361,1356,'2018-07-06',2018);
INSERT INTO match (Team_1, Team_2, Date, Year) VALUES (73,1358,1362,'2018-07-03',2018);
INSERT INTO match (Team_1, Team_2, Date, Year) VALUES (74,1363,1357,'2018-07-03',2018);
INSERT INTO match (Team_1, Team_2, Date, Year) VALUES (75,1361,1364,'2018-07-02',2018);
INSERT INTO match (Team_1, Team_2, Date, Year) VALUES (76,1356,1365,'2018-07-02',2018);
INSERT INTO match (Team_1, Team_2, Date, Year) VALUES (77,1366,1359,'2018-07-01',2018);
INSERT INTO match (Team_1, Team_2, Date, Year) VALUES (78,1355,1367,'2018-07-01',2018);
INSERT INTO match (Team_1, Team_2, Date, Year) VALUES (79,1354,1368,'2018-06-30',2018);
INSERT INTO match (Team_1, Team_2, Date, Year) VALUES (80,1360,1369,'2018-06-30',2018);
INSERT INTO match (Team_1, Team_2, Date, Year) VALUES (81,1365,1370,'2018-06-28',2018);
INSERT INTO match (Team_1, Team_2, Date, Year) VALUES (82,1371,1363,'2018-06-28',2018);
INSERT INTO match (Team_1, Team_2, Date, Year) VALUES (83,1357,1356,'2018-06-28',2018);
INSERT INTO match (Team_1, Team_2, Date, Year) VALUES (84,1372,1373,'2018-06-28',2018);
INSERT INTO match (Team_1, Team_2, Date, Year) VALUES (85,1374,1375,'2018-06-27',2018);
INSERT INTO match (Team_1, Team_2, Date, Year) VALUES (86,1364,1358,'2018-06-27',2018);
INSERT INTO match (Team_1, Team_2, Date, Year) VALUES (87,1362,1376,'2018-06-27',2018);
INSERT INTO match (Team_1, Team_2, Date, Year) VALUES (88,1377,1361,'2018-06-27',2018);
INSERT INTO match (Team_1, Team_2, Date, Year) VALUES (89,1378,1379,'2018-06-26',2018);
INSERT INTO match (Team_1, Team_2, Date, Year) VALUES (90,1367,1354,'2018-06-26',2018);
INSERT INTO match (Team_1, Team_2, Date, Year) VALUES (91,1380,1355,'2018-06-26',2018);
INSERT INTO match (Team_1, Team_2, Date, Year) VALUES (92,1381,1368,'2018-06-26',2018);
INSERT INTO match (Team_1, Team_2, Date, Year) VALUES (93,1382,1383,'2018-06-25',2018);
INSERT INTO match (Team_1, Team_2, Date, Year) VALUES (94,1360,1359,'2018-06-25',2018);
INSERT INTO match (Team_1, Team_2, Date, Year) VALUES (95,1366,1384,'2018-06-25',2018);
INSERT INTO match (Team_1, Team_2, Date, Year) VALUES (96,1385,1369,'2018-06-25',2018);
INSERT INTO match (Team_1, Team_2, Date, Year) VALUES (97,1357,1372,'2018-06-24',2018);
INSERT INTO match (Team_1, Team_2, Date, Year) VALUES (98,1365,1371,'2018-06-24',2018);
INSERT INTO match (Team_1, Team_2, Date, Year) VALUES (99,1370,1363,'2018-06-24',2018);
INSERT INTO match (Team_1, Team_2, Date, Year) VALUES (100,1356,1373,'2018-06-23',2018);
INSERT INTO match (Team_1, Team_2, Date, Year) VALUES (101,1374,1364,'2018-06-23',2018);
INSERT INTO match (Team_1, Team_2, Date, Year) VALUES (102,1375,1358,'2018-06-23',2018);
INSERT INTO match (Team_1, Team_2, Date, Year) VALUES (103,1361,1376,'2018-06-22',2018);
INSERT INTO match (Team_1, Team_2, Date, Year) VALUES (104,1381,1380,'2018-06-22',2018);
INSERT INTO match (Team_1, Team_2, Date, Year) VALUES (105,1377,1362,'2018-06-22',2018);
INSERT INTO match (Team_1, Team_2, Date, Year) VALUES (106,1367,1378,'2018-06-21',2018);
INSERT INTO match (Team_1, Team_2, Date, Year) VALUES (107,1354,1379,'2018-06-21',2018);
INSERT INTO match (Team_1, Team_2, Date, Year) VALUES (108,1368,1355,'2018-06-21',2018);
INSERT INTO match (Team_1, Team_2, Date, Year) VALUES (109,1369,1384,'2018-06-20',2018);
INSERT INTO match (Team_1, Team_2, Date, Year) VALUES (110,1360,1382,'2018-06-20',2018);
INSERT INTO match (Team_1, Team_2, Date, Year) VALUES (111,1385,1366,'2018-06-20',2018);
INSERT INTO match (Team_1, Team_2, Date, Year) VALUES (112,1363,1365,'2018-06-19',2018);
INSERT INTO match (Team_1, Team_2, Date, Year) VALUES (113,1370,1371,'2018-06-19',2018);
INSERT INTO match (Team_1, Team_2, Date, Year) VALUES (114,1359,1383,'2018-06-19',2018);
INSERT INTO match (Team_1, Team_2, Date, Year) VALUES (115,1358,1374,'2018-06-18',2018);
INSERT INTO match (Team_1, Team_2, Date, Year) VALUES (116,1356,1372,'2018-06-18',2018);
INSERT INTO match (Team_1, Team_2, Date, Year) VALUES (117,1373,1357,'2018-06-18',2018);
INSERT INTO match (Team_1, Team_2, Date, Year) VALUES (118,1376,1377,'2018-06-17',2018);
INSERT INTO match (Team_1, Team_2, Date, Year) VALUES (119,1375,1364,'2018-06-17',2018);
INSERT INTO match (Team_1, Team_2, Date, Year) VALUES (120,1361,1362,'2018-06-17',2018);
INSERT INTO match (Team_1, Team_2, Date, Year) VALUES (121,1354,1378,'2018-06-16',2018);
INSERT INTO match (Team_1, Team_2, Date, Year) VALUES (122,1368,1380,'2018-06-16',2018);
INSERT INTO match (Team_1, Team_2, Date, Year) VALUES (123,1379,1367,'2018-06-16',2018);
INSERT INTO match (Team_1, Team_2, Date, Year) VALUES (124,1355,1381,'2018-06-16',2018);
INSERT INTO match (Team_1, Team_2, Date, Year) VALUES (125,1383,1360,'2018-06-15',2018);
INSERT INTO match (Team_1, Team_2, Date, Year) VALUES (126,1384,1385,'2018-06-15',2018);
INSERT INTO match (Team_1, Team_2, Date, Year) VALUES (127,1369,1366,'2018-06-15',2018);
INSERT INTO match (Team_1, Team_2, Date, Year) VALUES (128,1359,1382,'2018-06-14',2018);
INSERT INTO match (Team_1, Team_2, Date, Year) VALUES (146,1391,1392,'2014-06-26',2014);
INSERT INTO match (Team_1, Team_2, Date, Year) VALUES (148,1386,1394,'2014-06-26',2014);
INSERT INTO match (Team_1, Team_2, Date, Year) VALUES (149,1395,1396,'2014-06-25',2014);
INSERT INTO match (Team_1, Team_2, Date, Year) VALUES (154,1400,1390,'2014-06-24',2014);
INSERT INTO match (Team_1, Team_2, Date, Year) VALUES (156,1388,1402,'2014-06-24',2014);
INSERT INTO match (Team_1, Team_2, Date, Year) VALUES (157,1403,1404,'2014-06-23',2014);
INSERT INTO match (Team_1, Team_2, Date, Year) VALUES (159,1405,1387,'2014-06-23',2014);
INSERT INTO match (Team_1, Team_2, Date, Year) VALUES (162,1393,1386,'2014-06-22',2014);
INSERT INTO match (Team_1, Team_2, Date, Year) VALUES (169,1397,1398,'2014-06-20',2014);
INSERT INTO match (Team_1, Team_2, Date, Year) VALUES (171,1390,1399,'2014-06-19',2014);
INSERT INTO match (Team_1, Team_2, Date, Year) VALUES (172,1401,1388,'2014-06-19',2014);
INSERT INTO match (Team_1, Team_2, Date, Year) VALUES (174,1404,1389,'2014-06-18',2014);
INSERT INTO match (Team_1, Team_2, Date, Year) VALUES (175,1406,1405,'2014-06-18',2014);
INSERT INTO match (Team_1, Team_2, Date, Year) VALUES (178,1394,1393,'2014-06-17',2014);
INSERT INTO match (Team_1, Team_2, Date, Year) VALUES (187,1399,1400,'2014-06-14',2014);
INSERT INTO match (Team_1, Team_2, Date, Year) VALUES (188,1402,1401,'2014-06-14',2014);
INSERT INTO match (Team_1, Team_2, Date, Year) VALUES (189,1387,1406,'2014-06-13',2014);
INSERT INTO match (Team_1, Team_2, Date, Year) VALUES (191,1389,1403,'2014-06-13',2014);
INSERT INTO match (Team_1, Team_2, Date, Year) VALUES (193,1407,1408,'2010-07-11',2010);
INSERT INTO match (Team_1, Team_2, Date, Year) VALUES (194,1409,1410,'2010-07-10',2010);
INSERT INTO match (Team_1, Team_2, Date, Year) VALUES (195,1410,1408,'2010-07-07',2010);
INSERT INTO match (Team_1, Team_2, Date, Year) VALUES (196,1409,1407,'2010-07-06',2010);
INSERT INTO match (Team_1, Team_2, Date, Year) VALUES (197,1411,1410,'2010-07-03',2010);
INSERT INTO match (Team_1, Team_2, Date, Year) VALUES (198,1412,1408,'2010-07-03',2010);
INSERT INTO match (Team_1, Team_2, Date, Year) VALUES (199,1407,1413,'2010-07-02',2010);
INSERT INTO match (Team_1, Team_2, Date, Year) VALUES (200,1409,1414,'2010-07-02',2010);
INSERT INTO match (Team_1, Team_2, Date, Year) VALUES (201,1412,1415,'2010-06-29',2010);
INSERT INTO match (Team_1, Team_2, Date, Year) VALUES (202,1408,1416,'2010-06-29',2010);
INSERT INTO match (Team_1, Team_2, Date, Year) VALUES (203,1407,1417,'2010-06-28',2010);
INSERT INTO match (Team_1, Team_2, Date, Year) VALUES (204,1413,1418,'2010-06-28',2010);
INSERT INTO match (Team_1, Team_2, Date, Year) VALUES (205,1410,1419,'2010-06-27',2010);
INSERT INTO match (Team_1, Team_2, Date, Year) VALUES (206,1411,1420,'2010-06-27',2010);
INSERT INTO match (Team_1, Team_2, Date, Year) VALUES (207,1409,1421,'2010-06-26',2010);
INSERT INTO match (Team_1, Team_2, Date, Year) VALUES (208,1422,1414,'2010-06-26',2010);
INSERT INTO match (Team_1, Team_2, Date, Year) VALUES (209,1416,1413,'2010-06-25',2010);
INSERT INTO match (Team_1, Team_2, Date, Year) VALUES (210,1423,1424,'2010-06-25',2010);
INSERT INTO match (Team_1, Team_2, Date, Year) VALUES (211,1418,1408,'2010-06-25',2010);
INSERT INTO match (Team_1, Team_2, Date, Year) VALUES (212,1425,1426,'2010-06-25',2010);
INSERT INTO match (Team_1, Team_2, Date, Year) VALUES (213,1412,1427,'2010-06-24',2010);
INSERT INTO match (Team_1, Team_2, Date, Year) VALUES (214,1417,1428,'2010-06-24',2010);
INSERT INTO match (Team_1, Team_2, Date, Year) VALUES (215,1429,1415,'2010-06-24',2010);
INSERT INTO match (Team_1, Team_2, Date, Year) VALUES (216,1430,1407,'2010-06-24',2010);
INSERT INTO match (Team_1, Team_2, Date, Year) VALUES (217,1431,1419,'2010-06-23',2010);
INSERT INTO match (Team_1, Team_2, Date, Year) VALUES (218,1422,1432,'2010-06-23',2010);
INSERT INTO match (Team_1, Team_2, Date, Year) VALUES (219,1414,1410,'2010-06-23',2010);
INSERT INTO match (Team_1, Team_2, Date, Year) VALUES (220,1433,1434,'2010-06-23',2010);
INSERT INTO match (Team_1, Team_2, Date, Year) VALUES (221,1420,1409,'2010-06-22',2010);
INSERT INTO match (Team_1, Team_2, Date, Year) VALUES (222,1435,1436,'2010-06-22',2010);
INSERT INTO match (Team_1, Team_2, Date, Year) VALUES (223,1437,1421,'2010-06-22',2010);
INSERT INTO match (Team_1, Team_2, Date, Year) VALUES (224,1438,1411,'2010-06-22',2010);
INSERT INTO match (Team_1, Team_2, Date, Year) VALUES (225,1416,1423,'2010-06-21',2010);
INSERT INTO match (Team_1, Team_2, Date, Year) VALUES (226,1418,1425,'2010-06-21',2010);
INSERT INTO match (Team_1, Team_2, Date, Year) VALUES (227,1408,1426,'2010-06-21',2010);
INSERT INTO match (Team_1, Team_2, Date, Year) VALUES (228,1417,1412,'2010-06-20',2010);
INSERT INTO match (Team_1, Team_2, Date, Year) VALUES (229,1428,1427,'2010-06-20',2010);
INSERT INTO match (Team_1, Team_2, Date, Year) VALUES (230,1413,1424,'2010-06-20',2010);
INSERT INTO match (Team_1, Team_2, Date, Year) VALUES (231,1407,1415,'2010-06-19',2010);
INSERT INTO match (Team_1, Team_2, Date, Year) VALUES (232,1414,1433,'2010-06-19',2010);
INSERT INTO match (Team_1, Team_2, Date, Year) VALUES (233,1430,1429,'2010-06-19',2010);
INSERT INTO match (Team_1, Team_2, Date, Year) VALUES (234,1410,1434,'2010-06-18',2010);
INSERT INTO match (Team_1, Team_2, Date, Year) VALUES (235,1431,1422,'2010-06-18',2010);
INSERT INTO match (Team_1, Team_2, Date, Year) VALUES (236,1419,1432,'2010-06-18',2010);
INSERT INTO match (Team_1, Team_2, Date, Year) VALUES (237,1411,1421,'2010-06-17',2010);
INSERT INTO match (Team_1, Team_2, Date, Year) VALUES (238,1438,1437,'2010-06-17',2010);
INSERT INTO match (Team_1, Team_2, Date, Year) VALUES (239,1435,1420,'2010-06-17',2010);
INSERT INTO match (Team_1, Team_2, Date, Year) VALUES (240,1426,1418,'2010-06-16',2010);
INSERT INTO match (Team_1, Team_2, Date, Year) VALUES (241,1408,1425,'2010-06-16',2010);
INSERT INTO match (Team_1, Team_2, Date, Year) VALUES (242,1436,1409,'2010-06-16',2010);
INSERT INTO match (Team_1, Team_2, Date, Year) VALUES (243,1427,1417,'2010-06-15',2010);
INSERT INTO match (Team_1, Team_2, Date, Year) VALUES (244,1424,1416,'2010-06-15',2010);
INSERT INTO match (Team_1, Team_2, Date, Year) VALUES (245,1413,1423,'2010-06-15',2010);
INSERT INTO match (Team_1, Team_2, Date, Year) VALUES (246,1407,1429,'2010-06-14',2010);
INSERT INTO match (Team_1, Team_2, Date, Year) VALUES (247,1415,1430,'2010-06-14',2010);
INSERT INTO match (Team_1, Team_2, Date, Year) VALUES (248,1428,1412,'2010-06-14',2010);
INSERT INTO match (Team_1, Team_2, Date, Year) VALUES (249,1432,1431,'2010-06-13',2010);
INSERT INTO match (Team_1, Team_2, Date, Year) VALUES (250,1434,1414,'2010-06-13',2010);
INSERT INTO match (Team_1, Team_2, Date, Year) VALUES (251,1410,1433,'2010-06-13',2010);
INSERT INTO match (Team_1, Team_2, Date, Year) VALUES (252,1421,1438,'2010-06-12',2010);
INSERT INTO match (Team_1, Team_2, Date, Year) VALUES (253,1411,1437,'2010-06-12',2010);
INSERT INTO match (Team_1, Team_2, Date, Year) VALUES (254,1419,1422,'2010-06-12',2010);
INSERT INTO match (Team_1, Team_2, Date, Year) VALUES (255,1436,1420,'2010-06-11',2010);
INSERT INTO match (Team_1, Team_2, Date, Year) VALUES (256,1409,1435,'2010-06-11',2010);
INSERT INTO match (Team_1, Team_2, Date, Year) VALUES (257,1439,1440,'2006-07-09',2006);
INSERT INTO match (Team_1, Team_2, Date, Year) VALUES (258,1441,1442,'2006-07-08',2006);
INSERT INTO match (Team_1, Team_2, Date, Year) VALUES (259,1442,1440,'2006-07-05',2006);
INSERT INTO match (Team_1, Team_2, Date, Year) VALUES (260,1441,1439,'2006-07-04',2006);
INSERT INTO match (Team_1, Team_2, Date, Year) VALUES (261,1443,1442,'2006-07-01',2006);
INSERT INTO match (Team_1, Team_2, Date, Year) VALUES (262,1444,1440,'2006-07-01',2006);
INSERT INTO match (Team_1, Team_2, Date, Year) VALUES (263,1441,1445,'2006-06-30',2006);
INSERT INTO match (Team_1, Team_2, Date, Year) VALUES (264,1439,1446,'2006-06-30',2006);
INSERT INTO match (Team_1, Team_2, Date, Year) VALUES (265,1444,1447,'2006-06-27',2006);
INSERT INTO match (Team_1, Team_2, Date, Year) VALUES (266,1448,1440,'2006-06-27',2006);
INSERT INTO match (Team_1, Team_2, Date, Year) VALUES (267,1439,1449,'2006-06-26',2006);
INSERT INTO match (Team_1, Team_2, Date, Year) VALUES (268,1450,1446,'2006-06-26',2006);
INSERT INTO match (Team_1, Team_2, Date, Year) VALUES (269,1443,1451,'2006-06-25',2006);
INSERT INTO match (Team_1, Team_2, Date, Year) VALUES (270,1442,1452,'2006-06-25',2006);
INSERT INTO match (Team_1, Team_2, Date, Year) VALUES (271,1441,1453,'2006-06-24',2006);
INSERT INTO match (Team_1, Team_2, Date, Year) VALUES (272,1445,1454,'2006-06-24',2006);
INSERT INTO match (Team_1, Team_2, Date, Year) VALUES (273,1455,1448,'2006-06-23',2006);
INSERT INTO match (Team_1, Team_2, Date, Year) VALUES (274,1446,1456,'2006-06-23',2006);
INSERT INTO match (Team_1, Team_2, Date, Year) VALUES (275,1457,1440,'2006-06-23',2006);
INSERT INTO match (Team_1, Team_2, Date, Year) VALUES (276,1450,1458,'2006-06-23',2006);
INSERT INTO match (Team_1, Team_2, Date, Year) VALUES (277,1447,1459,'2006-06-22',2006);
INSERT INTO match (Team_1, Team_2, Date, Year) VALUES (278,1460,1439,'2006-06-22',2006);
INSERT INTO match (Team_1, Team_2, Date, Year) VALUES (279,1461,1444,'2006-06-22',2006);
INSERT INTO match (Team_1, Team_2, Date, Year) VALUES (280,1462,1449,'2006-06-22',2006);
INSERT INTO match (Team_1, Team_2, Date, Year) VALUES (281,1442,1454,'2006-06-21',2006);
INSERT INTO match (Team_1, Team_2, Date, Year) VALUES (282,1463,1464,'2006-06-21',2006);
INSERT INTO match (Team_1, Team_2, Date, Year) VALUES (283,1465,1466,'2006-06-21',2006);
INSERT INTO match (Team_1, Team_2, Date, Year) VALUES (284,1452,1445,'2006-06-21',2006);
INSERT INTO match (Team_1, Team_2, Date, Year) VALUES (285,1467,1468,'2006-06-20',2006);
INSERT INTO match (Team_1, Team_2, Date, Year) VALUES (286,1451,1441,'2006-06-20',2006);
INSERT INTO match (Team_1, Team_2, Date, Year) VALUES (287,1469,1470,'2006-06-20',2006);
INSERT INTO match (Team_1, Team_2, Date, Year) VALUES (288,1453,1443,'2006-06-20',2006);
INSERT INTO match (Team_1, Team_2, Date, Year) VALUES (289,1457,1450,'2006-06-19',2006);
INSERT INTO match (Team_1, Team_2, Date, Year) VALUES (290,1455,1446,'2006-06-19',2006);
INSERT INTO match (Team_1, Team_2, Date, Year) VALUES (291,1448,1456,'2006-06-19',2006);
INSERT INTO match (Team_1, Team_2, Date, Year) VALUES (292,1461,1462,'2006-06-18',2006);
INSERT INTO match (Team_1, Team_2, Date, Year) VALUES (293,1444,1449,'2006-06-18',2006);
INSERT INTO match (Team_1, Team_2, Date, Year) VALUES (294,1440,1458,'2006-06-18',2006);
INSERT INTO match (Team_1, Team_2, Date, Year) VALUES (295,1442,1463,'2006-06-17',2006);
INSERT INTO match (Team_1, Team_2, Date, Year) VALUES (296,1460,1447,'2006-06-17',2006);
INSERT INTO match (Team_1, Team_2, Date, Year) VALUES (297,1439,1459,'2006-06-17',2006);
INSERT INTO match (Team_1, Team_2, Date, Year) VALUES (298,1445,1466,'2006-06-16',2006);
INSERT INTO match (Team_1, Team_2, Date, Year) VALUES (299,1452,1465,'2006-06-16',2006);
INSERT INTO match (Team_1, Team_2, Date, Year) VALUES (300,1454,1464,'2006-06-16',2006);
INSERT INTO match (Team_1, Team_2, Date, Year) VALUES (301,1451,1467,'2006-06-15',2006);
INSERT INTO match (Team_1, Team_2, Date, Year) VALUES (302,1443,1470,'2006-06-15',2006);
INSERT INTO match (Team_1, Team_2, Date, Year) VALUES (303,1453,1469,'2006-06-15',2006);
INSERT INTO match (Team_1, Team_2, Date, Year) VALUES (304,1448,1446,'2006-06-14',2006);
INSERT INTO match (Team_1, Team_2, Date, Year) VALUES (305,1456,1455,'2006-06-14',2006);
INSERT INTO match (Team_1, Team_2, Date, Year) VALUES (306,1441,1468,'2006-06-14',2006);
INSERT INTO match (Team_1, Team_2, Date, Year) VALUES (307,1458,1457,'2006-06-13',2006);
INSERT INTO match (Team_1, Team_2, Date, Year) VALUES (308,1440,1450,'2006-06-13',2006);
INSERT INTO match (Team_1, Team_2, Date, Year) VALUES (309,1444,1462,'2006-06-13',2006);
INSERT INTO match (Team_1, Team_2, Date, Year) VALUES (310,1449,1461,'2006-06-12',2006);
INSERT INTO match (Team_1, Team_2, Date, Year) VALUES (311,1459,1460,'2006-06-12',2006);
INSERT INTO match (Team_1, Team_2, Date, Year) VALUES (312,1439,1447,'2006-06-12',2006);
INSERT INTO match (Team_1, Team_2, Date, Year) VALUES (313,1466,1452,'2006-06-11',2006);
INSERT INTO match (Team_1, Team_2, Date, Year) VALUES (314,1454,1463,'2006-06-11',2006);
INSERT INTO match (Team_1, Team_2, Date, Year) VALUES (315,1464,1442,'2006-06-11',2006);
INSERT INTO match (Team_1, Team_2, Date, Year) VALUES (316,1443,1469,'2006-06-10',2006);
INSERT INTO match (Team_1, Team_2, Date, Year) VALUES (317,1470,1453,'2006-06-10',2006);
INSERT INTO match (Team_1, Team_2, Date, Year) VALUES (318,1445,1465,'2006-06-10',2006);
INSERT INTO match (Team_1, Team_2, Date, Year) VALUES (319,1441,1467,'2006-06-09',2006);
INSERT INTO match (Team_1, Team_2, Date, Year) VALUES (320,1468,1451,'2006-06-09',2006);
INSERT INTO match (Team_1, Team_2, Date, Year) VALUES (321,1471,1472,'2002-06-30',2002);
INSERT INTO match (Team_1, Team_2, Date, Year) VALUES (322,1473,1474,'2002-06-29',2002);
INSERT INTO match (Team_1, Team_2, Date, Year) VALUES (323,1472,1474,'2002-06-26',2002);
INSERT INTO match (Team_1, Team_2, Date, Year) VALUES (324,1471,1473,'2002-06-25',2002);
INSERT INTO match (Team_1, Team_2, Date, Year) VALUES (325,1475,1473,'2002-06-22',2002);
INSERT INTO match (Team_1, Team_2, Date, Year) VALUES (326,1476,1474,'2002-06-22',2002);
INSERT INTO match (Team_1, Team_2, Date, Year) VALUES (327,1477,1472,'2002-06-21',2002);
INSERT INTO match (Team_1, Team_2, Date, Year) VALUES (328,1471,1478,'2002-06-21',2002);
INSERT INTO match (Team_1, Team_2, Date, Year) VALUES (329,1479,1474,'2002-06-18',2002);
INSERT INTO match (Team_1, Team_2, Date, Year) VALUES (330,1473,1480,'2002-06-18',2002);
INSERT INTO match (Team_1, Team_2, Date, Year) VALUES (331,1481,1478,'2002-06-17',2002);
INSERT INTO match (Team_1, Team_2, Date, Year) VALUES (332,1472,1482,'2002-06-17',2002);
INSERT INTO match (Team_1, Team_2, Date, Year) VALUES (333,1483,1476,'2002-06-16',2002);
INSERT INTO match (Team_1, Team_2, Date, Year) VALUES (334,1475,1484,'2002-06-16',2002);
INSERT INTO match (Team_1, Team_2, Date, Year) VALUES (335,1471,1485,'2002-06-15',2002);
INSERT INTO match (Team_1, Team_2, Date, Year) VALUES (336,1486,1477,'2002-06-15',2002);
INSERT INTO match (Team_1, Team_2, Date, Year) VALUES (337,1487,1479,'2002-06-14',2002);
INSERT INTO match (Team_1, Team_2, Date, Year) VALUES (338,1482,1488,'2002-06-14',2002);
INSERT INTO match (Team_1, Team_2, Date, Year) VALUES (339,1489,1473,'2002-06-14',2002);
INSERT INTO match (Team_1, Team_2, Date, Year) VALUES (340,1490,1478,'2002-06-14',2002);
INSERT INTO match (Team_1, Team_2, Date, Year) VALUES (341,1491,1472,'2002-06-13',2002);
INSERT INTO match (Team_1, Team_2, Date, Year) VALUES (342,1474,1492,'2002-06-13',2002);
INSERT INTO match (Team_1, Team_2, Date, Year) VALUES (343,1481,1480,'2002-06-13',2002);
INSERT INTO match (Team_1, Team_2, Date, Year) VALUES (344,1493,1494,'2002-06-13',2002);
INSERT INTO match (Team_1, Team_2, Date, Year) VALUES (345,1483,1495,'2002-06-12',2002);
INSERT INTO match (Team_1, Team_2, Date, Year) VALUES (346,1496,1477,'2002-06-12',2002);
INSERT INTO match (Team_1, Team_2, Date, Year) VALUES (347,1497,1475,'2002-06-12',2002);
INSERT INTO match (Team_1, Team_2, Date, Year) VALUES (348,1498,1485,'2002-06-12',2002);
INSERT INTO match (Team_1, Team_2, Date, Year) VALUES (349,1486,1499,'2002-06-11',2002);
INSERT INTO match (Team_1, Team_2, Date, Year) VALUES (350,1476,1500,'2002-06-11',2002);
INSERT INTO match (Team_1, Team_2, Date, Year) VALUES (351,1501,1484,'2002-06-11',2002);
INSERT INTO match (Team_1, Team_2, Date, Year) VALUES (352,1502,1471,'2002-06-11',2002);
INSERT INTO match (Team_1, Team_2, Date, Year) VALUES (353,1473,1478,'2002-06-10',2002);
INSERT INTO match (Team_1, Team_2, Date, Year) VALUES (354,1487,1482,'2002-06-10',2002);
INSERT INTO match (Team_1, Team_2, Date, Year) VALUES (355,1489,1490,'2002-06-10',2002);
INSERT INTO match (Team_1, Team_2, Date, Year) VALUES (356,1481,1493,'2002-06-09',2002);
INSERT INTO match (Team_1, Team_2, Date, Year) VALUES (357,1491,1474,'2002-06-09',2002);
INSERT INTO match (Team_1, Team_2, Date, Year) VALUES (358,1479,1488,'2002-06-09',2002);
INSERT INTO match (Team_1, Team_2, Date, Year) VALUES (359,1497,1498,'2002-06-08',2002);
INSERT INTO match (Team_1, Team_2, Date, Year) VALUES (360,1480,1494,'2002-06-08',2002);
INSERT INTO match (Team_1, Team_2, Date, Year) VALUES (361,1472,1492,'2002-06-08',2002);
INSERT INTO match (Team_1, Team_2, Date, Year) VALUES (362,1483,1496,'2002-06-07',2002);
INSERT INTO match (Team_1, Team_2, Date, Year) VALUES (363,1475,1485,'2002-06-07',2002);
INSERT INTO match (Team_1, Team_2, Date, Year) VALUES (364,1495,1477,'2002-06-07',2002);
INSERT INTO match (Team_1, Team_2, Date, Year) VALUES (365,1486,1476,'2002-06-06',2002);
INSERT INTO match (Team_1, Team_2, Date, Year) VALUES (366,1502,1501,'2002-06-06',2002);
INSERT INTO match (Team_1, Team_2, Date, Year) VALUES (367,1499,1500,'2002-06-06',2002);
INSERT INTO match (Team_1, Team_2, Date, Year) VALUES (368,1488,1487,'2002-06-05',2002);
INSERT INTO match (Team_1, Team_2, Date, Year) VALUES (369,1478,1489,'2002-06-05',2002);
INSERT INTO match (Team_1, Team_2, Date, Year) VALUES (370,1471,1484,'2002-06-05',2002);
INSERT INTO match (Team_1, Team_2, Date, Year) VALUES (371,1492,1491,'2002-06-04',2002);
INSERT INTO match (Team_1, Team_2, Date, Year) VALUES (372,1479,1482,'2002-06-04',2002);
INSERT INTO match (Team_1, Team_2, Date, Year) VALUES (373,1473,1490,'2002-06-04',2002);
INSERT INTO match (Team_1, Team_2, Date, Year) VALUES (374,1494,1481,'2002-06-03',2002);
INSERT INTO match (Team_1, Team_2, Date, Year) VALUES (375,1472,1474,'2002-06-03',2002);
INSERT INTO match (Team_1, Team_2, Date, Year) VALUES (376,1480,1493,'2002-06-03',2002);
INSERT INTO match (Team_1, Team_2, Date, Year) VALUES (377,1495,1496,'2002-06-02',2002);
INSERT INTO match (Team_1, Team_2, Date, Year) VALUES (378,1485,1497,'2002-06-02',2002);
INSERT INTO match (Team_1, Team_2, Date, Year) VALUES (379,1477,1483,'2002-06-02',2002);
INSERT INTO match (Team_1, Team_2, Date, Year) VALUES (380,1475,1498,'2002-06-02',2002);
INSERT INTO match (Team_1, Team_2, Date, Year) VALUES (381,1484,1502,'2002-06-01',2002);
INSERT INTO match (Team_1, Team_2, Date, Year) VALUES (382,1500,1486,'2002-06-01',2002);
INSERT INTO match (Team_1, Team_2, Date, Year) VALUES (383,1471,1501,'2002-06-01',2002);
INSERT INTO match (Team_1, Team_2, Date, Year) VALUES (384,1499,1476,'2002-05-31',2002);
INSERT INTO match (Team_1, Team_2, Date, Year) VALUES (385,1503,1504,'1998-07-12',1998);
INSERT INTO match (Team_1, Team_2, Date, Year) VALUES (386,1505,1506,'1998-07-11',1998);
INSERT INTO match (Team_1, Team_2, Date, Year) VALUES (387,1504,1506,'1998-07-08',1998);
INSERT INTO match (Team_1, Team_2, Date, Year) VALUES (388,1503,1505,'1998-07-07',1998);
INSERT INTO match (Team_1, Team_2, Date, Year) VALUES (389,1505,1507,'1998-07-04',1998);
INSERT INTO match (Team_1, Team_2, Date, Year) VALUES (390,1508,1506,'1998-07-04',1998);
INSERT INTO match (Team_1, Team_2, Date, Year) VALUES (391,1509,1504,'1998-07-03',1998);
INSERT INTO match (Team_1, Team_2, Date, Year) VALUES (392,1503,1510,'1998-07-03',1998);
INSERT INTO match (Team_1, Team_2, Date, Year) VALUES (393,1511,1506,'1998-06-30',1998);
INSERT INTO match (Team_1, Team_2, Date, Year) VALUES (394,1507,1512,'1998-06-30',1998);
INSERT INTO match (Team_1, Team_2, Date, Year) VALUES (395,1508,1513,'1998-06-29',1998);
INSERT INTO match (Team_1, Team_2, Date, Year) VALUES (396,1505,1514,'1998-06-29',1998);
INSERT INTO match (Team_1, Team_2, Date, Year) VALUES (397,1504,1515,'1998-06-28',1998);
INSERT INTO match (Team_1, Team_2, Date, Year) VALUES (398,1516,1510,'1998-06-28',1998);
INSERT INTO match (Team_1, Team_2, Date, Year) VALUES (399,1509,1517,'1998-06-27',1998);
INSERT INTO match (Team_1, Team_2, Date, Year) VALUES (400,1503,1518,'1998-06-27',1998);
INSERT INTO match (Team_1, Team_2, Date, Year) VALUES (401,1507,1506,'1998-06-26',1998);
INSERT INTO match (Team_1, Team_2, Date, Year) VALUES (402,1519,1520,'1998-06-26',1998);
INSERT INTO match (Team_1, Team_2, Date, Year) VALUES (403,1511,1521,'1998-06-26',1998);
INSERT INTO match (Team_1, Team_2, Date, Year) VALUES (404,1522,1512,'1998-06-26',1998);
INSERT INTO match (Team_1, Team_2, Date, Year) VALUES (405,1505,1513,'1998-06-25',1998);
INSERT INTO match (Team_1, Team_2, Date, Year) VALUES (406,1523,1524,'1998-06-25',1998);
INSERT INTO match (Team_1, Team_2, Date, Year) VALUES (407,1525,1514,'1998-06-25',1998);
INSERT INTO match (Team_1, Team_2, Date, Year) VALUES (408,1508,1526,'1998-06-25',1998);
INSERT INTO match (Team_1, Team_2, Date, Year) VALUES (409,1527,1528,'1998-06-24',1998);
INSERT INTO match (Team_1, Team_2, Date, Year) VALUES (410,1504,1510,'1998-06-24',1998);
INSERT INTO match (Team_1, Team_2, Date, Year) VALUES (411,1529,1530,'1998-06-24',1998);
INSERT INTO match (Team_1, Team_2, Date, Year) VALUES (412,1516,1515,'1998-06-24',1998);
INSERT INTO match (Team_1, Team_2, Date, Year) VALUES (413,1509,1531,'1998-06-23',1998);
INSERT INTO match (Team_1, Team_2, Date, Year) VALUES (414,1518,1532,'1998-06-23',1998);
INSERT INTO match (Team_1, Team_2, Date, Year) VALUES (415,1503,1517,'1998-06-23',1998);
INSERT INTO match (Team_1, Team_2, Date, Year) VALUES (416,1533,1534,'1998-06-23',1998);
INSERT INTO match (Team_1, Team_2, Date, Year) VALUES (417,1522,1521,'1998-06-22',1998);
INSERT INTO match (Team_1, Team_2, Date, Year) VALUES (418,1511,1512,'1998-06-22',1998);
INSERT INTO match (Team_1, Team_2, Date, Year) VALUES (419,1508,1514,'1998-06-21',1998);
INSERT INTO match (Team_1, Team_2, Date, Year) VALUES (420,1507,1520,'1998-06-21',1998);
INSERT INTO match (Team_1, Team_2, Date, Year) VALUES (421,1525,1526,'1998-06-21',1998);
INSERT INTO match (Team_1, Team_2, Date, Year) VALUES (422,1519,1506,'1998-06-20',1998);
INSERT INTO match (Team_1, Team_2, Date, Year) VALUES (423,1523,1513,'1998-06-20',1998);
INSERT INTO match (Team_1, Team_2, Date, Year) VALUES (424,1505,1524,'1998-06-20',1998);
INSERT INTO match (Team_1, Team_2, Date, Year) VALUES (425,1516,1530,'1998-06-19',1998);
INSERT INTO match (Team_1, Team_2, Date, Year) VALUES (426,1529,1515,'1998-06-19',1998);
INSERT INTO match (Team_1, Team_2, Date, Year) VALUES (427,1527,1510,'1998-06-18',1998);
INSERT INTO match (Team_1, Team_2, Date, Year) VALUES (428,1504,1528,'1998-06-18',1998);
INSERT INTO match (Team_1, Team_2, Date, Year) VALUES (429,1518,1531,'1998-06-17',1998);
INSERT INTO match (Team_1, Team_2, Date, Year) VALUES (430,1509,1532,'1998-06-17',1998);
INSERT INTO match (Team_1, Team_2, Date, Year) VALUES (431,1533,1517,'1998-06-16',1998);
INSERT INTO match (Team_1, Team_2, Date, Year) VALUES (432,1503,1534,'1998-06-16',1998);
INSERT INTO match (Team_1, Team_2, Date, Year) VALUES (433,1512,1521,'1998-06-15',1998);
INSERT INTO match (Team_1, Team_2, Date, Year) VALUES (434,1511,1522,'1998-06-15',1998);
INSERT INTO match (Team_1, Team_2, Date, Year) VALUES (435,1508,1525,'1998-06-15',1998);
INSERT INTO match (Team_1, Team_2, Date, Year) VALUES (436,1507,1519,'1998-06-14',1998);
INSERT INTO match (Team_1, Team_2, Date, Year) VALUES (437,1514,1526,'1998-06-14',1998);
INSERT INTO match (Team_1, Team_2, Date, Year) VALUES (438,1520,1506,'1998-06-14',1998);
INSERT INTO match (Team_1, Team_2, Date, Year) VALUES (439,1529,1516,'1998-06-13',1998);
INSERT INTO match (Team_1, Team_2, Date, Year) VALUES (440,1524,1513,'1998-06-13',1998);
INSERT INTO match (Team_1, Team_2, Date, Year) VALUES (441,1505,1523,'1998-06-13',1998);
INSERT INTO match (Team_1, Team_2, Date, Year) VALUES (442,1515,1530,'1998-06-12',1998);
INSERT INTO match (Team_1, Team_2, Date, Year) VALUES (443,1528,1510,'1998-06-12',1998);
INSERT INTO match (Team_1, Team_2, Date, Year) VALUES (444,1504,1527,'1998-06-12',1998);
INSERT INTO match (Team_1, Team_2, Date, Year) VALUES (445,1509,1518,'1998-06-11',1998);
INSERT INTO match (Team_1, Team_2, Date, Year) VALUES (446,1532,1531,'1998-06-11',1998);
INSERT INTO match (Team_1, Team_2, Date, Year) VALUES (447,1503,1533,'1998-06-10',1998);
INSERT INTO match (Team_1, Team_2, Date, Year) VALUES (448,1534,1517,'1998-06-10',1998);
INSERT INTO match (Team_1, Team_2, Date, Year) VALUES (449,1535,1536,'1994-07-17',1994);
INSERT INTO match (Team_1, Team_2, Date, Year) VALUES (450,1537,1538,'1994-07-16',1994);
INSERT INTO match (Team_1, Team_2, Date, Year) VALUES (451,1538,1536,'1994-07-13',1994);
INSERT INTO match (Team_1, Team_2, Date, Year) VALUES (452,1537,1535,'1994-07-13',1994);
INSERT INTO match (Team_1, Team_2, Date, Year) VALUES (453,1538,1539,'1994-07-10',1994);
INSERT INTO match (Team_1, Team_2, Date, Year) VALUES (454,1540,1537,'1994-07-10',1994);
INSERT INTO match (Team_1, Team_2, Date, Year) VALUES (455,1536,1541,'1994-07-09',1994);
INSERT INTO match (Team_1, Team_2, Date, Year) VALUES (456,1542,1535,'1994-07-09',1994);
INSERT INTO match (Team_1, Team_2, Date, Year) VALUES (457,1543,1536,'1994-07-05',1994);
INSERT INTO match (Team_1, Team_2, Date, Year) VALUES (458,1544,1538,'1994-07-05',1994);
INSERT INTO match (Team_1, Team_2, Date, Year) VALUES (459,1542,1545,'1994-07-04',1994);
INSERT INTO match (Team_1, Team_2, Date, Year) VALUES (460,1535,1546,'1994-07-04',1994);
INSERT INTO match (Team_1, Team_2, Date, Year) VALUES (461,1547,1537,'1994-07-03',1994);
INSERT INTO match (Team_1, Team_2, Date, Year) VALUES (462,1540,1548,'1994-07-03',1994);
INSERT INTO match (Team_1, Team_2, Date, Year) VALUES (463,1539,1549,'1994-07-02',1994);
INSERT INTO match (Team_1, Team_2, Date, Year) VALUES (464,1541,1550,'1994-07-02',1994);
INSERT INTO match (Team_1, Team_2, Date, Year) VALUES (465,1551,1543,'1994-06-30',1994);
INSERT INTO match (Team_1, Team_2, Date, Year) VALUES (466,1548,1538,'1994-06-30',1994);
INSERT INTO match (Team_1, Team_2, Date, Year) VALUES (467,1552,1542,'1994-06-29',1994);
INSERT INTO match (Team_1, Team_2, Date, Year) VALUES (468,1549,1547,'1994-06-29',1994);
INSERT INTO match (Team_1, Team_2, Date, Year) VALUES (469,1536,1544,'1994-06-28',1994);
INSERT INTO match (Team_1, Team_2, Date, Year) VALUES (470,1545,1553,'1994-06-28',1994);
INSERT INTO match (Team_1, Team_2, Date, Year) VALUES (471,1554,1555,'1994-06-28',1994);
INSERT INTO match (Team_1, Team_2, Date, Year) VALUES (472,1535,1537,'1994-06-28',1994);
INSERT INTO match (Team_1, Team_2, Date, Year) VALUES (473,1539,1556,'1994-06-27',1994);
INSERT INTO match (Team_1, Team_2, Date, Year) VALUES (474,1557,1541,'1994-06-27',1994);
INSERT INTO match (Team_1, Team_2, Date, Year) VALUES (475,1538,1551,'1994-06-26',1994);
INSERT INTO match (Team_1, Team_2, Date, Year) VALUES (476,1546,1540,'1994-06-26',1994);
INSERT INTO match (Team_1, Team_2, Date, Year) VALUES (477,1550,1558,'1994-06-26',1994);
INSERT INTO match (Team_1, Team_2, Date, Year) VALUES (478,1549,1542,'1994-06-25',1994);
INSERT INTO match (Team_1, Team_2, Date, Year) VALUES (479,1547,1552,'1994-06-25',1994);
INSERT INTO match (Team_1, Team_2, Date, Year) VALUES (480,1548,1543,'1994-06-25',1994);
INSERT INTO match (Team_1, Team_2, Date, Year) VALUES (481,1544,1545,'1994-06-24',1994);
INSERT INTO match (Team_1, Team_2, Date, Year) VALUES (482,1535,1555,'1994-06-24',1994);
INSERT INTO match (Team_1, Team_2, Date, Year) VALUES (483,1537,1554,'1994-06-24',1994);
INSERT INTO match (Team_1, Team_2, Date, Year) VALUES (484,1536,1553,'1994-06-23',1994);
INSERT INTO match (Team_1, Team_2, Date, Year) VALUES (485,1556,1557,'1994-06-23',1994);
INSERT INTO match (Team_1, Team_2, Date, Year) VALUES (486,1540,1550,'1994-06-22',1994);
INSERT INTO match (Team_1, Team_2, Date, Year) VALUES (487,1546,1558,'1994-06-22',1994);
INSERT INTO match (Team_1, Team_2, Date, Year) VALUES (488,1548,1551,'1994-06-21',1994);
INSERT INTO match (Team_1, Team_2, Date, Year) VALUES (489,1539,1541,'1994-06-21',1994);
INSERT INTO match (Team_1, Team_2, Date, Year) VALUES (490,1543,1538,'1994-06-21',1994);
INSERT INTO match (Team_1, Team_2, Date, Year) VALUES (491,1535,1554,'1994-06-20',1994);
INSERT INTO match (Team_1, Team_2, Date, Year) VALUES (492,1542,1547,'1994-06-20',1994);
INSERT INTO match (Team_1, Team_2, Date, Year) VALUES (493,1549,1552,'1994-06-19',1994);
INSERT INTO match (Team_1, Team_2, Date, Year) VALUES (494,1553,1544,'1994-06-19',1994);
INSERT INTO match (Team_1, Team_2, Date, Year) VALUES (495,1555,1537,'1994-06-19',1994);
INSERT INTO match (Team_1, Team_2, Date, Year) VALUES (496,1546,1550,'1994-06-18',1994);
INSERT INTO match (Team_1, Team_2, Date, Year) VALUES (497,1536,1545,'1994-06-18',1994);
INSERT INTO match (Team_1, Team_2, Date, Year) VALUES (498,1558,1540,'1994-06-18',1994);
INSERT INTO match (Team_1, Team_2, Date, Year) VALUES (499,1539,1557,'1994-06-17',1994);
INSERT INTO match (Team_1, Team_2, Date, Year) VALUES (500,1541,1556,'1994-06-17',1994);
INSERT INTO match (Team_1, Team_2, Date, Year) VALUES (501,1559,1560,'1990-07-08',1990);
INSERT INTO match (Team_1, Team_2, Date, Year) VALUES (502,1561,1562,'1990-07-07',1990);
INSERT INTO match (Team_1, Team_2, Date, Year) VALUES (503,1559,1562,'1990-07-04',1990);
INSERT INTO match (Team_1, Team_2, Date, Year) VALUES (504,1561,1560,'1990-07-03',1990);
INSERT INTO match (Team_1, Team_2, Date, Year) VALUES (505,1559,1563,'1990-07-01',1990);
INSERT INTO match (Team_1, Team_2, Date, Year) VALUES (506,1562,1564,'1990-07-01',1990);
INSERT INTO match (Team_1, Team_2, Date, Year) VALUES (507,1565,1560,'1990-06-30',1990);
INSERT INTO match (Team_1, Team_2, Date, Year) VALUES (508,1561,1566,'1990-06-30',1990);
INSERT INTO match (Team_1, Team_2, Date, Year) VALUES (509,1567,1565,'1990-06-26',1990);
INSERT INTO match (Team_1, Team_2, Date, Year) VALUES (510,1562,1568,'1990-06-26',1990);
INSERT INTO match (Team_1, Team_2, Date, Year) VALUES (511,1566,1569,'1990-06-25',1990);
INSERT INTO match (Team_1, Team_2, Date, Year) VALUES (512,1561,1570,'1990-06-25',1990);
INSERT INTO match (Team_1, Team_2, Date, Year) VALUES (513,1571,1560,'1990-06-24',1990);
INSERT INTO match (Team_1, Team_2, Date, Year) VALUES (514,1559,1572,'1990-06-24',1990);
INSERT INTO match (Team_1, Team_2, Date, Year) VALUES (515,1564,1573,'1990-06-23',1990);
INSERT INTO match (Team_1, Team_2, Date, Year) VALUES (516,1563,1574,'1990-06-23',1990);
INSERT INTO match (Team_1, Team_2, Date, Year) VALUES (517,1568,1567,'1990-06-21',1990);
INSERT INTO match (Team_1, Team_2, Date, Year) VALUES (518,1575,1570,'1990-06-21',1990);
INSERT INTO match (Team_1, Team_2, Date, Year) VALUES (519,1566,1572,'1990-06-21',1990);
INSERT INTO match (Team_1, Team_2, Date, Year) VALUES (520,1562,1576,'1990-06-21',1990);
INSERT INTO match (Team_1, Team_2, Date, Year) VALUES (521,1577,1574,'1990-06-20',1990);
INSERT INTO match (Team_1, Team_2, Date, Year) VALUES (522,1571,1578,'1990-06-20',1990);
INSERT INTO match (Team_1, Team_2, Date, Year) VALUES (523,1559,1573,'1990-06-19',1990);
INSERT INTO match (Team_1, Team_2, Date, Year) VALUES (524,1565,1579,'1990-06-19',1990);
INSERT INTO match (Team_1, Team_2, Date, Year) VALUES (525,1580,1581,'1990-06-19',1990);
INSERT INTO match (Team_1, Team_2, Date, Year) VALUES (526,1561,1563,'1990-06-19',1990);
INSERT INTO match (Team_1, Team_2, Date, Year) VALUES (527,1560,1569,'1990-06-18',1990);
INSERT INTO match (Team_1, Team_2, Date, Year) VALUES (528,1564,1582,'1990-06-18',1990);
INSERT INTO match (Team_1, Team_2, Date, Year) VALUES (529,1566,1576,'1990-06-17',1990);
INSERT INTO match (Team_1, Team_2, Date, Year) VALUES (530,1568,1570,'1990-06-17',1990);
INSERT INTO match (Team_1, Team_2, Date, Year) VALUES (531,1575,1567,'1990-06-17',1990);
INSERT INTO match (Team_1, Team_2, Date, Year) VALUES (532,1571,1574,'1990-06-16',1990);
INSERT INTO match (Team_1, Team_2, Date, Year) VALUES (533,1562,1572,'1990-06-16',1990);
INSERT INTO match (Team_1, Team_2, Date, Year) VALUES (534,1577,1578,'1990-06-16',1990);
INSERT INTO match (Team_1, Team_2, Date, Year) VALUES (535,1580,1563,'1990-06-15',1990);
INSERT INTO match (Team_1, Team_2, Date, Year) VALUES (536,1559,1579,'1990-06-15',1990);
INSERT INTO match (Team_1, Team_2, Date, Year) VALUES (537,1565,1573,'1990-06-14',1990);
INSERT INTO match (Team_1, Team_2, Date, Year) VALUES (538,1564,1569,'1990-06-14',1990);
INSERT INTO match (Team_1, Team_2, Date, Year) VALUES (539,1561,1581,'1990-06-14',1990);
INSERT INTO match (Team_1, Team_2, Date, Year) VALUES (540,1570,1567,'1990-06-13',1990);
INSERT INTO match (Team_1, Team_2, Date, Year) VALUES (541,1560,1582,'1990-06-13',1990);
INSERT INTO match (Team_1, Team_2, Date, Year) VALUES (542,1568,1575,'1990-06-12',1990);
INSERT INTO match (Team_1, Team_2, Date, Year) VALUES (543,1572,1576,'1990-06-12',1990);
INSERT INTO match (Team_1, Team_2, Date, Year) VALUES (544,1574,1578,'1990-06-11',1990);
INSERT INTO match (Team_1, Team_2, Date, Year) VALUES (545,1562,1566,'1990-06-11',1990);
INSERT INTO match (Team_1, Team_2, Date, Year) VALUES (546,1581,1563,'1990-06-10',1990);
INSERT INTO match (Team_1, Team_2, Date, Year) VALUES (547,1559,1565,'1990-06-10',1990);
INSERT INTO match (Team_1, Team_2, Date, Year) VALUES (548,1571,1577,'1990-06-10',1990);
INSERT INTO match (Team_1, Team_2, Date, Year) VALUES (549,1579,1573,'1990-06-09',1990);
INSERT INTO match (Team_1, Team_2, Date, Year) VALUES (550,1582,1569,'1990-06-09',1990);
INSERT INTO match (Team_1, Team_2, Date, Year) VALUES (551,1561,1580,'1990-06-09',1990);
INSERT INTO match (Team_1, Team_2, Date, Year) VALUES (552,1560,1564,'1990-06-08',1990);
INSERT INTO match (Team_1, Team_2, Date, Year) VALUES (553,1583,1584,'1986-06-29',1986);
INSERT INTO match (Team_1, Team_2, Date, Year) VALUES (554,1585,1586,'1986-06-28',1986);
INSERT INTO match (Team_1, Team_2, Date, Year) VALUES (555,1585,1584,'1986-06-25',1986);
INSERT INTO match (Team_1, Team_2, Date, Year) VALUES (556,1583,1586,'1986-06-25',1986);
INSERT INTO match (Team_1, Team_2, Date, Year) VALUES (557,1583,1587,'1986-06-22',1986);
INSERT INTO match (Team_1, Team_2, Date, Year) VALUES (558,1588,1586,'1986-06-22',1986);
INSERT INTO match (Team_1, Team_2, Date, Year) VALUES (559,1589,1585,'1986-06-21',1986);
INSERT INTO match (Team_1, Team_2, Date, Year) VALUES (560,1584,1590,'1986-06-21',1986);
INSERT INTO match (Team_1, Team_2, Date, Year) VALUES (561,1587,1591,'1986-06-18',1986);
INSERT INTO match (Team_1, Team_2, Date, Year) VALUES (562,1592,1588,'1986-06-18',1986);
INSERT INTO match (Team_1, Team_2, Date, Year) VALUES (563,1593,1585,'1986-06-17',1986);
INSERT INTO match (Team_1, Team_2, Date, Year) VALUES (564,1594,1584,'1986-06-17',1986);
INSERT INTO match (Team_1, Team_2, Date, Year) VALUES (565,1589,1595,'1986-06-16',1986);
INSERT INTO match (Team_1, Team_2, Date, Year) VALUES (566,1583,1596,'1986-06-16',1986);
INSERT INTO match (Team_1, Team_2, Date, Year) VALUES (567,1590,1597,'1986-06-15',1986);
INSERT INTO match (Team_1, Team_2, Date, Year) VALUES (568,1598,1586,'1986-06-15',1986);
INSERT INTO match (Team_1, Team_2, Date, Year) VALUES (569,1599,1596,'1986-06-13',1986);
INSERT INTO match (Team_1, Team_2, Date, Year) VALUES (570,1592,1584,'1986-06-13',1986);
INSERT INTO match (Team_1, Team_2, Date, Year) VALUES (571,1600,1588,'1986-06-12',1986);
INSERT INTO match (Team_1, Team_2, Date, Year) VALUES (572,1601,1589,'1986-06-12',1986);
INSERT INTO match (Team_1, Team_2, Date, Year) VALUES (573,1591,1586,'1986-06-11',1986);
INSERT INTO match (Team_1, Team_2, Date, Year) VALUES (574,1602,1590,'1986-06-11',1986);
INSERT INTO match (Team_1, Team_2, Date, Year) VALUES (575,1587,1595,'1986-06-11',1986);
INSERT INTO match (Team_1, Team_2, Date, Year) VALUES (576,1603,1594,'1986-06-11',1986);
INSERT INTO match (Team_1, Team_2, Date, Year) VALUES (577,1583,1597,'1986-06-10',1986);
INSERT INTO match (Team_1, Team_2, Date, Year) VALUES (578,1604,1593,'1986-06-10',1986);
INSERT INTO match (Team_1, Team_2, Date, Year) VALUES (579,1598,1605,'1986-06-09',1986);
INSERT INTO match (Team_1, Team_2, Date, Year) VALUES (580,1606,1585,'1986-06-09',1986);
INSERT INTO match (Team_1, Team_2, Date, Year) VALUES (581,1584,1599,'1986-06-08',1986);
INSERT INTO match (Team_1, Team_2, Date, Year) VALUES (582,1602,1586,'1986-06-08',1986);
INSERT INTO match (Team_1, Team_2, Date, Year) VALUES (583,1592,1596,'1986-06-08',1986);
INSERT INTO match (Team_1, Team_2, Date, Year) VALUES (584,1590,1591,'1986-06-07',1986);
INSERT INTO match (Team_1, Team_2, Date, Year) VALUES (585,1601,1588,'1986-06-07',1986);
INSERT INTO match (Team_1, Team_2, Date, Year) VALUES (586,1595,1603,'1986-06-07',1986);
INSERT INTO match (Team_1, Team_2, Date, Year) VALUES (587,1589,1600,'1986-06-06',1986);
INSERT INTO match (Team_1, Team_2, Date, Year) VALUES (588,1606,1605,'1986-06-06',1986);
INSERT INTO match (Team_1, Team_2, Date, Year) VALUES (589,1587,1594,'1986-06-06',1986);
INSERT INTO match (Team_1, Team_2, Date, Year) VALUES (590,1593,1583,'1986-06-05',1986);
INSERT INTO match (Team_1, Team_2, Date, Year) VALUES (591,1585,1598,'1986-06-05',1986);
INSERT INTO match (Team_1, Team_2, Date, Year) VALUES (592,1604,1597,'1986-06-05',1986);
INSERT INTO match (Team_1, Team_2, Date, Year) VALUES (593,1591,1602,'1986-06-04',1986);
INSERT INTO match (Team_1, Team_2, Date, Year) VALUES (594,1596,1584,'1986-06-04',1986);
INSERT INTO match (Team_1, Team_2, Date, Year) VALUES (595,1599,1592,'1986-06-04',1986);
INSERT INTO match (Team_1, Team_2, Date, Year) VALUES (596,1586,1590,'1986-06-03',1986);
INSERT INTO match (Team_1, Team_2, Date, Year) VALUES (597,1600,1601,'1986-06-03',1986);
INSERT INTO match (Team_1, Team_2, Date, Year) VALUES (598,1603,1587,'1986-06-03',1986);
INSERT INTO match (Team_1, Team_2, Date, Year) VALUES (599,1598,1606,'1986-06-02',1986);
INSERT INTO match (Team_1, Team_2, Date, Year) VALUES (600,1583,1604,'1986-06-02',1986);
INSERT INTO match (Team_1, Team_2, Date, Year) VALUES (601,1594,1595,'1986-06-02',1986);
INSERT INTO match (Team_1, Team_2, Date, Year) VALUES (602,1588,1589,'1986-06-01',1986);
INSERT INTO match (Team_1, Team_2, Date, Year) VALUES (603,1605,1585,'1986-06-01',1986);
INSERT INTO match (Team_1, Team_2, Date, Year) VALUES (604,1597,1593,'1986-05-31',1986);
INSERT INTO match (Team_1, Team_2, Date, Year) VALUES (605,1607,1608,'1982-07-11',1982);
INSERT INTO match (Team_1, Team_2, Date, Year) VALUES (606,1609,1610,'1982-07-10',1982);
INSERT INTO match (Team_1, Team_2, Date, Year) VALUES (607,1609,1607,'1982-07-08',1982);
INSERT INTO match (Team_1, Team_2, Date, Year) VALUES (608,1608,1610,'1982-07-08',1982);
INSERT INTO match (Team_1, Team_2, Date, Year) VALUES (609,1607,1611,'1982-07-05',1982);
INSERT INTO match (Team_1, Team_2, Date, Year) VALUES (610,1612,1613,'1982-07-05',1982);
INSERT INTO match (Team_1, Team_2, Date, Year) VALUES (611,1610,1614,'1982-07-04',1982);
INSERT INTO match (Team_1, Team_2, Date, Year) VALUES (612,1609,1615,'1982-07-04',1982);
INSERT INTO match (Team_1, Team_2, Date, Year) VALUES (613,1616,1611,'1982-07-02',1982);
INSERT INTO match (Team_1, Team_2, Date, Year) VALUES (614,1608,1612,'1982-07-02',1982);
INSERT INTO match (Team_1, Team_2, Date, Year) VALUES (615,1617,1614,'1982-07-01',1982);
INSERT INTO match (Team_1, Team_2, Date, Year) VALUES (616,1618,1615,'1982-07-01',1982);
INSERT INTO match (Team_1, Team_2, Date, Year) VALUES (617,1607,1616,'1982-06-29',1982);
INSERT INTO match (Team_1, Team_2, Date, Year) VALUES (618,1608,1613,'1982-06-29',1982);
INSERT INTO match (Team_1, Team_2, Date, Year) VALUES (619,1617,1610,'1982-06-28',1982);
INSERT INTO match (Team_1, Team_2, Date, Year) VALUES (620,1609,1618,'1982-06-28',1982);
INSERT INTO match (Team_1, Team_2, Date, Year) VALUES (621,1613,1619,'1982-06-25',1982);
INSERT INTO match (Team_1, Team_2, Date, Year) VALUES (622,1608,1617,'1982-06-25',1982);
INSERT INTO match (Team_1, Team_2, Date, Year) VALUES (623,1614,1612,'1982-06-25',1982);
INSERT INTO match (Team_1, Team_2, Date, Year) VALUES (624,1610,1620,'1982-06-24',1982);
INSERT INTO match (Team_1, Team_2, Date, Year) VALUES (625,1621,1622,'1982-06-24',1982);
INSERT INTO match (Team_1, Team_2, Date, Year) VALUES (626,1623,1624,'1982-06-24',1982);
INSERT INTO match (Team_1, Team_2, Date, Year) VALUES (627,1607,1625,'1982-06-23',1982);
INSERT INTO match (Team_1, Team_2, Date, Year) VALUES (628,1616,1626,'1982-06-23',1982);
INSERT INTO match (Team_1, Team_2, Date, Year) VALUES (629,1611,1627,'1982-06-23',1982);
INSERT INTO match (Team_1, Team_2, Date, Year) VALUES (630,1609,1628,'1982-06-22',1982);
INSERT INTO match (Team_1, Team_2, Date, Year) VALUES (631,1618,1629,'1982-06-22',1982);
INSERT INTO match (Team_1, Team_2, Date, Year) VALUES (632,1615,1630,'1982-06-22',1982);
INSERT INTO match (Team_1, Team_2, Date, Year) VALUES (633,1621,1617,'1982-06-21',1982);
INSERT INTO match (Team_1, Team_2, Date, Year) VALUES (634,1610,1619,'1982-06-21',1982);
INSERT INTO match (Team_1, Team_2, Date, Year) VALUES (635,1623,1614,'1982-06-21',1982);
INSERT INTO match (Team_1, Team_2, Date, Year) VALUES (636,1608,1622,'1982-06-20',1982);
INSERT INTO match (Team_1, Team_2, Date, Year) VALUES (637,1613,1620,'1982-06-20',1982);
INSERT INTO match (Team_1, Team_2, Date, Year) VALUES (638,1612,1624,'1982-06-20',1982);
INSERT INTO match (Team_1, Team_2, Date, Year) VALUES (639,1609,1625,'1982-06-19',1982);
INSERT INTO match (Team_1, Team_2, Date, Year) VALUES (640,1615,1627,'1982-06-19',1982);
INSERT INTO match (Team_1, Team_2, Date, Year) VALUES (641,1618,1626,'1982-06-19',1982);
INSERT INTO match (Team_1, Team_2, Date, Year) VALUES (642,1607,1628,'1982-06-18',1982);
INSERT INTO match (Team_1, Team_2, Date, Year) VALUES (643,1611,1630,'1982-06-18',1982);
INSERT INTO match (Team_1, Team_2, Date, Year) VALUES (644,1616,1629,'1982-06-18',1982);
INSERT INTO match (Team_1, Team_2, Date, Year) VALUES (645,1622,1617,'1982-06-17',1982);
INSERT INTO match (Team_1, Team_2, Date, Year) VALUES (646,1620,1619,'1982-06-17',1982);
INSERT INTO match (Team_1, Team_2, Date, Year) VALUES (647,1624,1614,'1982-06-17',1982);
INSERT INTO match (Team_1, Team_2, Date, Year) VALUES (648,1613,1610,'1982-06-16',1982);
INSERT INTO match (Team_1, Team_2, Date, Year) VALUES (649,1608,1621,'1982-06-16',1982);
INSERT INTO match (Team_1, Team_2, Date, Year) VALUES (650,1612,1623,'1982-06-16',1982);
INSERT INTO match (Team_1, Team_2, Date, Year) VALUES (651,1628,1625,'1982-06-15',1982);
INSERT INTO match (Team_1, Team_2, Date, Year) VALUES (652,1629,1626,'1982-06-15',1982);
INSERT INTO match (Team_1, Team_2, Date, Year) VALUES (653,1630,1627,'1982-06-15',1982);
INSERT INTO match (Team_1, Team_2, Date, Year) VALUES (654,1607,1609,'1982-06-14',1982);
INSERT INTO match (Team_1, Team_2, Date, Year) VALUES (655,1611,1615,'1982-06-14',1982);
INSERT INTO match (Team_1, Team_2, Date, Year) VALUES (656,1616,1618,'1982-06-13',1982);
INSERT INTO match (Team_1, Team_2, Date, Year) VALUES (657,1631,1632,'1978-06-25',1978);
INSERT INTO match (Team_1, Team_2, Date, Year) VALUES (658,1633,1634,'1978-06-24',1978);
INSERT INTO match (Team_1, Team_2, Date, Year) VALUES (659,1632,1634,'1978-06-21',1978);
INSERT INTO match (Team_1, Team_2, Date, Year) VALUES (660,1635,1636,'1978-06-21',1978);
INSERT INTO match (Team_1, Team_2, Date, Year) VALUES (661,1633,1637,'1978-06-21',1978);
INSERT INTO match (Team_1, Team_2, Date, Year) VALUES (662,1631,1638,'1978-06-21',1978);
INSERT INTO match (Team_1, Team_2, Date, Year) VALUES (663,1637,1638,'1978-06-18',1978);
INSERT INTO match (Team_1, Team_2, Date, Year) VALUES (664,1636,1632,'1978-06-18',1978);
INSERT INTO match (Team_1, Team_2, Date, Year) VALUES (665,1634,1635,'1978-06-18',1978);
INSERT INTO match (Team_1, Team_2, Date, Year) VALUES (666,1631,1633,'1978-06-18',1978);
INSERT INTO match (Team_1, Team_2, Date, Year) VALUES (667,1632,1635,'1978-06-14',1978);
INSERT INTO match (Team_1, Team_2, Date, Year) VALUES (668,1636,1634,'1978-06-14',1978);
INSERT INTO match (Team_1, Team_2, Date, Year) VALUES (669,1633,1638,'1978-06-14',1978);
INSERT INTO match (Team_1, Team_2, Date, Year) VALUES (670,1631,1637,'1978-06-14',1978);
INSERT INTO match (Team_1, Team_2, Date, Year) VALUES (671,1633,1635,'1978-06-11',1978);
INSERT INTO match (Team_1, Team_2, Date, Year) VALUES (672,1639,1640,'1978-06-11',1978);
INSERT INTO match (Team_1, Team_2, Date, Year) VALUES (673,1638,1641,'1978-06-11',1978);
INSERT INTO match (Team_1, Team_2, Date, Year) VALUES (674,1642,1632,'1978-06-11',1978);
INSERT INTO match (Team_1, Team_2, Date, Year) VALUES (675,1643,1644,'1978-06-10',1978);
INSERT INTO match (Team_1, Team_2, Date, Year) VALUES (676,1637,1645,'1978-06-10',1978);
INSERT INTO match (Team_1, Team_2, Date, Year) VALUES (677,1636,1646,'1978-06-10',1978);
INSERT INTO match (Team_1, Team_2, Date, Year) VALUES (678,1634,1631,'1978-06-10',1978);
INSERT INTO match (Team_1, Team_2, Date, Year) VALUES (679,1635,1640,'1978-06-07',1978);
INSERT INTO match (Team_1, Team_2, Date, Year) VALUES (680,1633,1639,'1978-06-07',1978);
INSERT INTO match (Team_1, Team_2, Date, Year) VALUES (681,1632,1638,'1978-06-07',1978);
INSERT INTO match (Team_1, Team_2, Date, Year) VALUES (682,1642,1641,'1978-06-07',1978);
INSERT INTO match (Team_1, Team_2, Date, Year) VALUES (683,1634,1644,'1978-06-06',1978);
INSERT INTO match (Team_1, Team_2, Date, Year) VALUES (684,1636,1645,'1978-06-06',1978);
INSERT INTO match (Team_1, Team_2, Date, Year) VALUES (685,1637,1646,'1978-06-06',1978);
INSERT INTO match (Team_1, Team_2, Date, Year) VALUES (686,1631,1643,'1978-06-06',1978);
INSERT INTO match (Team_1, Team_2, Date, Year) VALUES (687,1640,1633,'1978-06-03',1978);
INSERT INTO match (Team_1, Team_2, Date, Year) VALUES (688,1635,1639,'1978-06-03',1978);
INSERT INTO match (Team_1, Team_2, Date, Year) VALUES (689,1638,1642,'1978-06-03',1978);
INSERT INTO match (Team_1, Team_2, Date, Year) VALUES (690,1632,1641,'1978-06-03',1978);
INSERT INTO match (Team_1, Team_2, Date, Year) VALUES (691,1634,1643,'1978-06-02',1978);
INSERT INTO match (Team_1, Team_2, Date, Year) VALUES (692,1646,1645,'1978-06-02',1978);
INSERT INTO match (Team_1, Team_2, Date, Year) VALUES (693,1631,1644,'1978-06-02',1978);
INSERT INTO match (Team_1, Team_2, Date, Year) VALUES (694,1636,1637,'1978-06-01',1978);
INSERT INTO match (Team_1, Team_2, Date, Year) VALUES (695,1647,1648,'1974-07-07',1974);
INSERT INTO match (Team_1, Team_2, Date, Year) VALUES (696,1649,1650,'1974-07-06',1974);
INSERT INTO match (Team_1, Team_2, Date, Year) VALUES (697,1650,1648,'1974-07-03',1974);
INSERT INTO match (Team_1, Team_2, Date, Year) VALUES (698,1647,1649,'1974-07-03',1974);
INSERT INTO match (Team_1, Team_2, Date, Year) VALUES (699,1651,1648,'1974-07-03',1974);
INSERT INTO match (Team_1, Team_2, Date, Year) VALUES (700,1652,1653,'1974-07-03',1974);
INSERT INTO match (Team_1, Team_2, Date, Year) VALUES (701,1650,1653,'1974-06-30',1974);
INSERT INTO match (Team_1, Team_2, Date, Year) VALUES (702,1651,1649,'1974-06-30',1974);
INSERT INTO match (Team_1, Team_2, Date, Year) VALUES (703,1648,1647,'1974-06-30',1974);
INSERT INTO match (Team_1, Team_2, Date, Year) VALUES (704,1648,1652,'1974-06-30',1974);
INSERT INTO match (Team_1, Team_2, Date, Year) VALUES (705,1653,1648,'1974-06-26',1974);
INSERT INTO match (Team_1, Team_2, Date, Year) VALUES (706,1649,1648,'1974-06-26',1974);
INSERT INTO match (Team_1, Team_2, Date, Year) VALUES (707,1652,1650,'1974-06-26',1974);
INSERT INTO match (Team_1, Team_2, Date, Year) VALUES (708,1647,1651,'1974-06-26',1974);
INSERT INTO match (Team_1, Team_2, Date, Year) VALUES (709,1654,1647,'1974-06-23',1974);
INSERT INTO match (Team_1, Team_2, Date, Year) VALUES (710,1650,1655,'1974-06-23',1974);
INSERT INTO match (Team_1, Team_2, Date, Year) VALUES (711,1652,1656,'1974-06-23',1974);
INSERT INTO match (Team_1, Team_2, Date, Year) VALUES (712,1651,1657,'1974-06-23',1974);
INSERT INTO match (Team_1, Team_2, Date, Year) VALUES (713,1658,1653,'1974-06-22',1974);
INSERT INTO match (Team_1, Team_2, Date, Year) VALUES (714,1659,1660,'1974-06-22',1974);
INSERT INTO match (Team_1, Team_2, Date, Year) VALUES (715,1661,1649,'1974-06-22',1974);
INSERT INTO match (Team_1, Team_2, Date, Year) VALUES (717,1657,1650,'1974-06-19',1974);
INSERT INTO match (Team_1, Team_2, Date, Year) VALUES (718,1654,1656,'1974-06-19',1974);
INSERT INTO match (Team_1, Team_2, Date, Year) VALUES (719,1647,1652,'1974-06-19',1974);
INSERT INTO match (Team_1, Team_2, Date, Year) VALUES (720,1651,1655,'1974-06-19',1974);
INSERT INTO match (Team_1, Team_2, Date, Year) VALUES (721,1659,1648,'1974-06-18',1974);
INSERT INTO match (Team_1, Team_2, Date, Year) VALUES (722,1653,1661,'1974-06-18',1974);
INSERT INTO match (Team_1, Team_2, Date, Year) VALUES (723,1660,1648,'1974-06-18',1974);
INSERT INTO match (Team_1, Team_2, Date, Year) VALUES (724,1658,1649,'1974-06-18',1974);
INSERT INTO match (Team_1, Team_2, Date, Year) VALUES (725,1656,1647,'1974-06-15',1974);
INSERT INTO match (Team_1, Team_2, Date, Year) VALUES (726,1652,1654,'1974-06-15',1974);
INSERT INTO match (Team_1, Team_2, Date, Year) VALUES (727,1655,1657,'1974-06-15',1974);
INSERT INTO match (Team_1, Team_2, Date, Year) VALUES (728,1650,1651,'1974-06-15',1974);
INSERT INTO match (Team_1, Team_2, Date, Year) VALUES (729,1648,1660,'1974-06-14',1974);
INSERT INTO match (Team_1, Team_2, Date, Year) VALUES (730,1648,1659,'1974-06-14',1974);
INSERT INTO match (Team_1, Team_2, Date, Year) VALUES (731,1661,1658,'1974-06-14',1974);
INSERT INTO match (Team_1, Team_2, Date, Year) VALUES (732,1649,1653,'1974-06-13',1974);
INSERT INTO match (Team_1, Team_2, Date, Year) VALUES (733,1662,1663,'1970-06-21',1970);
INSERT INTO match (Team_1, Team_2, Date, Year) VALUES (734,1664,1665,'1970-06-20',1970);
INSERT INTO match (Team_1, Team_2, Date, Year) VALUES (735,1663,1664,'1970-06-17',1970);
INSERT INTO match (Team_1, Team_2, Date, Year) VALUES (736,1662,1665,'1970-06-17',1970);
INSERT INTO match (Team_1, Team_2, Date, Year) VALUES (737,1662,1666,'1970-06-14',1970);
INSERT INTO match (Team_1, Team_2, Date, Year) VALUES (738,1663,1667,'1970-06-14',1970);
INSERT INTO match (Team_1, Team_2, Date, Year) VALUES (739,1665,1668,'1970-06-14',1970);
INSERT INTO match (Team_1, Team_2, Date, Year) VALUES (740,1664,1669,'1970-06-14',1970);
INSERT INTO match (Team_1, Team_2, Date, Year) VALUES (741,1667,1670,'1970-06-11',1970);
INSERT INTO match (Team_1, Team_2, Date, Year) VALUES (742,1663,1671,'1970-06-11',1970);
INSERT INTO match (Team_1, Team_2, Date, Year) VALUES (743,1672,1673,'1970-06-11',1970);
INSERT INTO match (Team_1, Team_2, Date, Year) VALUES (744,1669,1674,'1970-06-11',1970);
INSERT INTO match (Team_1, Team_2, Date, Year) VALUES (745,1664,1666,'1970-06-10',1970);
INSERT INTO match (Team_1, Team_2, Date, Year) VALUES (746,1662,1675,'1970-06-10',1970);
INSERT INTO match (Team_1, Team_2, Date, Year) VALUES (747,1676,1665,'1970-06-10',1970);
INSERT INTO match (Team_1, Team_2, Date, Year) VALUES (748,1668,1677,'1970-06-10',1970);
INSERT INTO match (Team_1, Team_2, Date, Year) VALUES (749,1667,1677,'1970-06-07',1970);
INSERT INTO match (Team_1, Team_2, Date, Year) VALUES (750,1662,1669,'1970-06-07',1970);
INSERT INTO match (Team_1, Team_2, Date, Year) VALUES (751,1664,1672,'1970-06-07',1970);
INSERT INTO match (Team_1, Team_2, Date, Year) VALUES (752,1676,1671,'1970-06-07',1970);
INSERT INTO match (Team_1, Team_2, Date, Year) VALUES (753,1675,1674,'1970-06-06',1970);
INSERT INTO match (Team_1, Team_2, Date, Year) VALUES (754,1665,1663,'1970-06-06',1970);
INSERT INTO match (Team_1, Team_2, Date, Year) VALUES (755,1668,1670,'1970-06-06',1970);
INSERT INTO match (Team_1, Team_2, Date, Year) VALUES (756,1666,1673,'1970-06-06',1970);
INSERT INTO match (Team_1, Team_2, Date, Year) VALUES (757,1670,1677,'1970-06-03',1970);
INSERT INTO match (Team_1, Team_2, Date, Year) VALUES (758,1662,1674,'1970-06-03',1970);
INSERT INTO match (Team_1, Team_2, Date, Year) VALUES (759,1663,1676,'1970-06-03',1970);
INSERT INTO match (Team_1, Team_2, Date, Year) VALUES (760,1664,1673,'1970-06-03',1970);
INSERT INTO match (Team_1, Team_2, Date, Year) VALUES (761,1669,1675,'1970-06-02',1970);
INSERT INTO match (Team_1, Team_2, Date, Year) VALUES (762,1666,1672,'1970-06-02',1970);
INSERT INTO match (Team_1, Team_2, Date, Year) VALUES (763,1665,1671,'1970-06-02',1970);
INSERT INTO match (Team_1, Team_2, Date, Year) VALUES (764,1667,1668,'1970-05-31',1970);
INSERT INTO match (Team_1, Team_2, Date, Year) VALUES (765,1678,1679,'1966-07-30',1966);
INSERT INTO match (Team_1, Team_2, Date, Year) VALUES (766,1680,1681,'1966-07-28',1966);
INSERT INTO match (Team_1, Team_2, Date, Year) VALUES (767,1678,1680,'1966-07-26',1966);
INSERT INTO match (Team_1, Team_2, Date, Year) VALUES (768,1679,1681,'1966-07-25',1966);
INSERT INTO match (Team_1, Team_2, Date, Year) VALUES (769,1680,1682,'1966-07-23',1966);
INSERT INTO match (Team_1, Team_2, Date, Year) VALUES (770,1678,1683,'1966-07-23',1966);
INSERT INTO match (Team_1, Team_2, Date, Year) VALUES (771,1681,1684,'1966-07-23',1966);
INSERT INTO match (Team_1, Team_2, Date, Year) VALUES (772,1679,1685,'1966-07-23',1966);
INSERT INTO match (Team_1, Team_2, Date, Year) VALUES (773,1678,1686,'1966-07-20',1966);
INSERT INTO match (Team_1, Team_2, Date, Year) VALUES (774,1684,1687,'1966-07-20',1966);
INSERT INTO match (Team_1, Team_2, Date, Year) VALUES (775,1679,1688,'1966-07-20',1966);
INSERT INTO match (Team_1, Team_2, Date, Year) VALUES (776,1681,1689,'1966-07-20',1966);
INSERT INTO match (Team_1, Team_2, Date, Year) VALUES (777,1685,1690,'1966-07-19',1966);
INSERT INTO match (Team_1, Team_2, Date, Year) VALUES (778,1683,1691,'1966-07-19',1966);
INSERT INTO match (Team_1, Team_2, Date, Year) VALUES (779,1680,1692,'1966-07-19',1966);
INSERT INTO match (Team_1, Team_2, Date, Year) VALUES (780,1682,1693,'1966-07-19',1966);
INSERT INTO match (Team_1, Team_2, Date, Year) VALUES (781,1679,1683,'1966-07-16',1966);
INSERT INTO match (Team_1, Team_2, Date, Year) VALUES (782,1681,1693,'1966-07-16',1966);
INSERT INTO match (Team_1, Team_2, Date, Year) VALUES (783,1680,1687,'1966-07-16',1966);
INSERT INTO match (Team_1, Team_2, Date, Year) VALUES (784,1678,1690,'1966-07-16',1966);
INSERT INTO match (Team_1, Team_2, Date, Year) VALUES (785,1688,1691,'1966-07-15',1966);
INSERT INTO match (Team_1, Team_2, Date, Year) VALUES (786,1685,1686,'1966-07-15',1966);
INSERT INTO match (Team_1, Team_2, Date, Year) VALUES (787,1684,1692,'1966-07-15',1966);
INSERT INTO match (Team_1, Team_2, Date, Year) VALUES (788,1682,1689,'1966-07-15',1966);
INSERT INTO match (Team_1, Team_2, Date, Year) VALUES (789,1683,1688,'1966-07-13',1966);
INSERT INTO match (Team_1, Team_2, Date, Year) VALUES (790,1686,1690,'1966-07-13',1966);
INSERT INTO match (Team_1, Team_2, Date, Year) VALUES (791,1693,1689,'1966-07-13',1966);
INSERT INTO match (Team_1, Team_2, Date, Year) VALUES (792,1680,1684,'1966-07-13',1966);
INSERT INTO match (Team_1, Team_2, Date, Year) VALUES (793,1692,1687,'1966-07-12',1966);
INSERT INTO match (Team_1, Team_2, Date, Year) VALUES (794,1681,1682,'1966-07-12',1966);
INSERT INTO match (Team_1, Team_2, Date, Year) VALUES (795,1679,1691,'1966-07-12',1966);
INSERT INTO match (Team_1, Team_2, Date, Year) VALUES (796,1678,1685,'1966-07-11',1966);
INSERT INTO match (Team_1, Team_2, Date, Year) VALUES (797,1694,1695,'1962-06-17',1962);
INSERT INTO match (Team_1, Team_2, Date, Year) VALUES (798,1696,1697,'1962-06-16',1962);
INSERT INTO match (Team_1, Team_2, Date, Year) VALUES (799,1694,1696,'1962-06-13',1962);
INSERT INTO match (Team_1, Team_2, Date, Year) VALUES (800,1695,1697,'1962-06-13',1962);
INSERT INTO match (Team_1, Team_2, Date, Year) VALUES (801,1696,1698,'1962-06-10',1962);
INSERT INTO match (Team_1, Team_2, Date, Year) VALUES (802,1694,1699,'1962-06-10',1962);
INSERT INTO match (Team_1, Team_2, Date, Year) VALUES (803,1695,1700,'1962-06-10',1962);
INSERT INTO match (Team_1, Team_2, Date, Year) VALUES (804,1697,1701,'1962-06-10',1962);
INSERT INTO match (Team_1, Team_2, Date, Year) VALUES (805,1699,1702,'1962-06-07',1962);
INSERT INTO match (Team_1, Team_2, Date, Year) VALUES (806,1703,1695,'1962-06-07',1962);
INSERT INTO match (Team_1, Team_2, Date, Year) VALUES (807,1704,1705,'1962-06-07',1962);
INSERT INTO match (Team_1, Team_2, Date, Year) VALUES (808,1697,1706,'1962-06-07',1962);
INSERT INTO match (Team_1, Team_2, Date, Year) VALUES (809,1701,1696,'1962-06-06',1962);
INSERT INTO match (Team_1, Team_2, Date, Year) VALUES (810,1698,1707,'1962-06-06',1962);
INSERT INTO match (Team_1, Team_2, Date, Year) VALUES (811,1700,1708,'1962-06-06',1962);
INSERT INTO match (Team_1, Team_2, Date, Year) VALUES (812,1694,1709,'1962-06-06',1962);
INSERT INTO match (Team_1, Team_2, Date, Year) VALUES (813,1709,1703,'1962-06-03',1962);
INSERT INTO match (Team_1, Team_2, Date, Year) VALUES (814,1698,1706,'1962-06-03',1962);
INSERT INTO match (Team_1, Team_2, Date, Year) VALUES (815,1700,1702,'1962-06-03',1962);
INSERT INTO match (Team_1, Team_2, Date, Year) VALUES (816,1701,1705,'1962-06-03',1962);
INSERT INTO match (Team_1, Team_2, Date, Year) VALUES (817,1696,1704,'1962-06-02',1962);
INSERT INTO match (Team_1, Team_2, Date, Year) VALUES (818,1694,1695,'1962-06-02',1962);
INSERT INTO match (Team_1, Team_2, Date, Year) VALUES (819,1699,1708,'1962-06-02',1962);
INSERT INTO match (Team_1, Team_2, Date, Year) VALUES (820,1697,1707,'1962-06-02',1962);
INSERT INTO match (Team_1, Team_2, Date, Year) VALUES (821,1701,1704,'1962-05-31',1962);
INSERT INTO match (Team_1, Team_2, Date, Year) VALUES (822,1700,1699,'1962-05-31',1962);
INSERT INTO match (Team_1, Team_2, Date, Year) VALUES (823,1695,1709,'1962-05-31',1962);
INSERT INTO match (Team_1, Team_2, Date, Year) VALUES (824,1698,1697,'1962-05-31',1962);
INSERT INTO match (Team_1, Team_2, Date, Year) VALUES (825,1696,1705,'1962-05-30',1962);
INSERT INTO match (Team_1, Team_2, Date, Year) VALUES (826,1707,1706,'1962-05-30',1962);
INSERT INTO match (Team_1, Team_2, Date, Year) VALUES (827,1694,1703,'1962-05-30',1962);
INSERT INTO match (Team_1, Team_2, Date, Year) VALUES (828,1708,1702,'1962-05-30',1962);
INSERT INTO match (Team_1, Team_2, Date, Year) VALUES (829,1710,1711,'1958-06-29',1958);
INSERT INTO match (Team_1, Team_2, Date, Year) VALUES (830,1712,1713,'1958-06-28',1958);
INSERT INTO match (Team_1, Team_2, Date, Year) VALUES (831,1711,1713,'1958-06-24',1958);
INSERT INTO match (Team_1, Team_2, Date, Year) VALUES (832,1710,1712,'1958-06-24',1958);
INSERT INTO match (Team_1, Team_2, Date, Year) VALUES (833,1712,1714,'1958-06-19',1958);
INSERT INTO match (Team_1, Team_2, Date, Year) VALUES (834,1713,1715,'1958-06-19',1958);
INSERT INTO match (Team_1, Team_2, Date, Year) VALUES (835,1710,1716,'1958-06-19',1958);
INSERT INTO match (Team_1, Team_2, Date, Year) VALUES (836,1711,1717,'1958-06-19',1958);
INSERT INTO match (Team_1, Team_2, Date, Year) VALUES (837,1714,1718,'1958-06-17',1958);
INSERT INTO match (Team_1, Team_2, Date, Year) VALUES (838,1716,1719,'1958-06-17',1958);
INSERT INTO match (Team_1, Team_2, Date, Year) VALUES (839,1717,1720,'1958-06-17',1958);
INSERT INTO match (Team_1, Team_2, Date, Year) VALUES (840,1711,1716,'1958-06-15',1958);
INSERT INTO match (Team_1, Team_2, Date, Year) VALUES (841,1721,1715,'1958-06-15',1958);
INSERT INTO match (Team_1, Team_2, Date, Year) VALUES (842,1713,1714,'1958-06-15',1958);
INSERT INTO match (Team_1, Team_2, Date, Year) VALUES (843,1718,1722,'1958-06-15',1958);
INSERT INTO match (Team_1, Team_2, Date, Year) VALUES (844,1720,1723,'1958-06-15',1958);
INSERT INTO match (Team_1, Team_2, Date, Year) VALUES (845,1710,1717,'1958-06-15',1958);
INSERT INTO match (Team_1, Team_2, Date, Year) VALUES (846,1719,1724,'1958-06-15',1958);
INSERT INTO match (Team_1, Team_2, Date, Year) VALUES (847,1712,1725,'1958-06-15',1958);
INSERT INTO match (Team_1, Team_2, Date, Year) VALUES (848,1711,1719,'1958-06-12',1958);
INSERT INTO match (Team_1, Team_2, Date, Year) VALUES (849,1717,1723,'1958-06-11',1958);
INSERT INTO match (Team_1, Team_2, Date, Year) VALUES (850,1713,1718,'1958-06-11',1958);
INSERT INTO match (Team_1, Team_2, Date, Year) VALUES (851,1722,1714,'1958-06-11',1958);
INSERT INTO match (Team_1, Team_2, Date, Year) VALUES (852,1715,1712,'1958-06-11',1958);
INSERT INTO match (Team_1, Team_2, Date, Year) VALUES (853,1721,1725,'1958-06-11',1958);
INSERT INTO match (Team_1, Team_2, Date, Year) VALUES (854,1710,1720,'1958-06-11',1958);
INSERT INTO match (Team_1, Team_2, Date, Year) VALUES (855,1724,1716,'1958-06-11',1958);
INSERT INTO match (Team_1, Team_2, Date, Year) VALUES (856,1711,1724,'1958-06-08',1958);
INSERT INTO match (Team_1, Team_2, Date, Year) VALUES (857,1714,1718,'1958-06-08',1958);
INSERT INTO match (Team_1, Team_2, Date, Year) VALUES (858,1719,1716,'1958-06-08',1958);
INSERT INTO match (Team_1, Team_2, Date, Year) VALUES (859,1715,1725,'1958-06-08',1958);
INSERT INTO match (Team_1, Team_2, Date, Year) VALUES (860,1710,1723,'1958-06-08',1958);
INSERT INTO match (Team_1, Team_2, Date, Year) VALUES (861,1717,1720,'1958-06-08',1958);
INSERT INTO match (Team_1, Team_2, Date, Year) VALUES (862,1712,1721,'1958-06-08',1958);
INSERT INTO match (Team_1, Team_2, Date, Year) VALUES (863,1722,1713,'1958-06-08',1958);
INSERT INTO match (Team_1, Team_2, Date, Year) VALUES (864,1726,1727,'1954-07-04',1954);
INSERT INTO match (Team_1, Team_2, Date, Year) VALUES (865,1728,1729,'1954-07-03',1954);
INSERT INTO match (Team_1, Team_2, Date, Year) VALUES (866,1727,1729,'1954-06-30',1954);
INSERT INTO match (Team_1, Team_2, Date, Year) VALUES (867,1726,1728,'1954-06-30',1954);
INSERT INTO match (Team_1, Team_2, Date, Year) VALUES (868,1726,1730,'1954-06-27',1954);
INSERT INTO match (Team_1, Team_2, Date, Year) VALUES (869,1727,1731,'1954-06-27',1954);
INSERT INTO match (Team_1, Team_2, Date, Year) VALUES (870,1729,1732,'1954-06-26',1954);
INSERT INTO match (Team_1, Team_2, Date, Year) VALUES (871,1733,1728,'1954-06-26',1954);
INSERT INTO match (Team_1, Team_2, Date, Year) VALUES (872,1726,1734,'1954-06-23',1954);
INSERT INTO match (Team_1, Team_2, Date, Year) VALUES (873,1733,1735,'1954-06-23',1954);
INSERT INTO match (Team_1, Team_2, Date, Year) VALUES (874,1727,1726,'1954-06-20',1954);
INSERT INTO match (Team_1, Team_2, Date, Year) VALUES (875,1734,1736,'1954-06-20',1954);
INSERT INTO match (Team_1, Team_2, Date, Year) VALUES (876,1735,1737,'1954-06-20',1954);
INSERT INTO match (Team_1, Team_2, Date, Year) VALUES (877,1733,1732,'1954-06-20',1954);
INSERT INTO match (Team_1, Team_2, Date, Year) VALUES (878,1729,1738,'1954-06-19',1954);
INSERT INTO match (Team_1, Team_2, Date, Year) VALUES (879,1731,1730,'1954-06-19',1954);
INSERT INTO match (Team_1, Team_2, Date, Year) VALUES (880,1728,1739,'1954-06-19',1954);
INSERT INTO match (Team_1, Team_2, Date, Year) VALUES (881,1740,1741,'1954-06-19',1954);
INSERT INTO match (Team_1, Team_2, Date, Year) VALUES (882,1733,1735,'1954-06-17',1954);
INSERT INTO match (Team_1, Team_2, Date, Year) VALUES (883,1727,1736,'1954-06-17',1954);
INSERT INTO match (Team_1, Team_2, Date, Year) VALUES (884,1726,1734,'1954-06-17',1954);
INSERT INTO match (Team_1, Team_2, Date, Year) VALUES (885,1732,1737,'1954-06-17',1954);
INSERT INTO match (Team_1, Team_2, Date, Year) VALUES (886,1729,1739,'1954-06-16',1954);
INSERT INTO match (Team_1, Team_2, Date, Year) VALUES (887,1730,1740,'1954-06-16',1954);
INSERT INTO match (Team_1, Team_2, Date, Year) VALUES (888,1731,1741,'1954-06-16',1954);
INSERT INTO match (Team_1, Team_2, Date, Year) VALUES (889,1728,1738,'1954-06-16',1954);
INSERT INTO match (Team_1, Team_2, Date, Year) VALUES (890,1742,1743,'1950-07-16',1950);
INSERT INTO match (Team_1, Team_2, Date, Year) VALUES (891,1744,1745,'1950-07-16',1950);
INSERT INTO match (Team_1, Team_2, Date, Year) VALUES (892,1745,1743,'1950-07-13',1950);
INSERT INTO match (Team_1, Team_2, Date, Year) VALUES (893,1744,1742,'1950-07-13',1950);
INSERT INTO match (Team_1, Team_2, Date, Year) VALUES (894,1745,1742,'1950-07-09',1950);
INSERT INTO match (Team_1, Team_2, Date, Year) VALUES (895,1744,1743,'1950-07-09',1950);
INSERT INTO match (Team_1, Team_2, Date, Year) VALUES (896,1746,1747,'1950-07-02',1950);
INSERT INTO match (Team_1, Team_2, Date, Year) VALUES (897,1748,1749,'1950-07-02',1950);
INSERT INTO match (Team_1, Team_2, Date, Year) VALUES (898,1744,1750,'1950-07-02',1950);
INSERT INTO match (Team_1, Team_2, Date, Year) VALUES (899,1743,1751,'1950-07-02',1950);
INSERT INTO match (Team_1, Team_2, Date, Year) VALUES (900,1752,1753,'1950-07-02',1950);
INSERT INTO match (Team_1, Team_2, Date, Year) VALUES (901,1745,1754,'1950-07-01',1950);
INSERT INTO match (Team_1, Team_2, Date, Year) VALUES (902,1743,1746,'1950-06-29',1950);
INSERT INTO match (Team_1, Team_2, Date, Year) VALUES (903,1747,1751,'1950-06-29',1950);
INSERT INTO match (Team_1, Team_2, Date, Year) VALUES (904,1742,1749,'1950-06-29',1950);
INSERT INTO match (Team_1, Team_2, Date, Year) VALUES (905,1745,1752,'1950-06-28',1950);
INSERT INTO match (Team_1, Team_2, Date, Year) VALUES (906,1754,1753,'1950-06-28',1950);
INSERT INTO match (Team_1, Team_2, Date, Year) VALUES (907,1742,1748,'1950-06-25',1950);
INSERT INTO match (Team_1, Team_2, Date, Year) VALUES (908,1751,1746,'1950-06-25',1950);
INSERT INTO match (Team_1, Team_2, Date, Year) VALUES (909,1743,1747,'1950-06-25',1950);
INSERT INTO match (Team_1, Team_2, Date, Year) VALUES (910,1754,1752,'1950-06-25',1950);
INSERT INTO match (Team_1, Team_2, Date, Year) VALUES (911,1745,1753,'1950-06-24',1950);
INSERT INTO match (Team_1, Team_2, Date, Year) VALUES (912,1755,1756,'1938-06-19',1938);
INSERT INTO match (Team_1, Team_2, Date, Year) VALUES (913,1757,1758,'1938-06-19',1938);
INSERT INTO match (Team_1, Team_2, Date, Year) VALUES (914,1758,1756,'1938-06-16',1938);
INSERT INTO match (Team_1, Team_2, Date, Year) VALUES (915,1757,1755,'1938-06-16',1938);
INSERT INTO match (Team_1, Team_2, Date, Year) VALUES (916,1755,1759,'1938-06-14',1938);
INSERT INTO match (Team_1, Team_2, Date, Year) VALUES (917,1756,1760,'1938-06-12',1938);
INSERT INTO match (Team_1, Team_2, Date, Year) VALUES (918,1755,1759,'1938-06-12',1938);
INSERT INTO match (Team_1, Team_2, Date, Year) VALUES (919,1758,1761,'1938-06-12',1938);
INSERT INTO match (Team_1, Team_2, Date, Year) VALUES (920,1757,1762,'1938-06-12',1938);
INSERT INTO match (Team_1, Team_2, Date, Year) VALUES (921,1761,1763,'1938-06-09',1938);
INSERT INTO match (Team_1, Team_2, Date, Year) VALUES (922,1760,1764,'1938-06-09',1938);
INSERT INTO match (Team_1, Team_2, Date, Year) VALUES (923,1757,1765,'1938-06-05',1938);
INSERT INTO match (Team_1, Team_2, Date, Year) VALUES (924,1760,1764,'1938-06-05',1938);
INSERT INTO match (Team_1, Team_2, Date, Year) VALUES (925,1758,1766,'1938-06-05',1938);
INSERT INTO match (Team_1, Team_2, Date, Year) VALUES (926,1762,1767,'1938-06-05',1938);
INSERT INTO match (Team_1, Team_2, Date, Year) VALUES (927,1755,1768,'1938-06-05',1938);
INSERT INTO match (Team_1, Team_2, Date, Year) VALUES (928,1759,1769,'1938-06-05',1938);
INSERT INTO match (Team_1, Team_2, Date, Year) VALUES (929,1761,1763,'1938-06-04',1938);
INSERT INTO match (Team_1, Team_2, Date, Year) VALUES (930,1770,1771,'1934-06-10',1934);
INSERT INTO match (Team_1, Team_2, Date, Year) VALUES (931,1772,1773,'1934-06-07',1934);
INSERT INTO match (Team_1, Team_2, Date, Year) VALUES (932,1771,1772,'1934-06-03',1934);
INSERT INTO match (Team_1, Team_2, Date, Year) VALUES (933,1770,1773,'1934-06-03',1934);
INSERT INTO match (Team_1, Team_2, Date, Year) VALUES (934,1770,1774,'1934-06-01',1934);
INSERT INTO match (Team_1, Team_2, Date, Year) VALUES (935,1773,1775,'1934-05-31',1934);
INSERT INTO match (Team_1, Team_2, Date, Year) VALUES (936,1771,1776,'1934-05-31',1934);
INSERT INTO match (Team_1, Team_2, Date, Year) VALUES (937,1770,1774,'1934-05-31',1934);
INSERT INTO match (Team_1, Team_2, Date, Year) VALUES (938,1772,1777,'1934-05-31',1934);
INSERT INTO match (Team_1, Team_2, Date, Year) VALUES (939,1771,1778,'1934-05-27',1934);
INSERT INTO match (Team_1, Team_2, Date, Year) VALUES (940,1775,1779,'1934-05-27',1934);
INSERT INTO match (Team_1, Team_2, Date, Year) VALUES (941,1773,1780,'1934-05-27',1934);
INSERT INTO match (Team_1, Team_2, Date, Year) VALUES (942,1776,1781,'1934-05-27',1934);
INSERT INTO match (Team_1, Team_2, Date, Year) VALUES (943,1777,1782,'1934-05-27',1934);
INSERT INTO match (Team_1, Team_2, Date, Year) VALUES (944,1774,1783,'1934-05-27',1934);
INSERT INTO match (Team_1, Team_2, Date, Year) VALUES (945,1772,1784,'1934-05-27',1934);
INSERT INTO match (Team_1, Team_2, Date, Year) VALUES (946,1770,1785,'1934-05-27',1934);
INSERT INTO match (Team_1, Team_2, Date, Year) VALUES (947,1786,1787,'1930-07-30',1930);
INSERT INTO match (Team_1, Team_2, Date, Year) VALUES (948,1786,1788,'1930-07-27',1930);
INSERT INTO match (Team_1, Team_2, Date, Year) VALUES (949,1787,1789,'1930-07-26',1930);
INSERT INTO match (Team_1, Team_2, Date, Year) VALUES (950,1787,1790,'1930-07-22',1930);
INSERT INTO match (Team_1, Team_2, Date, Year) VALUES (951,1786,1791,'1930-07-21',1930);
INSERT INTO match (Team_1, Team_2, Date, Year) VALUES (952,1792,1793,'1930-07-20',1930);
INSERT INTO match (Team_1, Team_2, Date, Year) VALUES (953,1794,1795,'1930-07-20',1930);
INSERT INTO match (Team_1, Team_2, Date, Year) VALUES (954,1790,1796,'1930-07-19',1930);
INSERT INTO match (Team_1, Team_2, Date, Year) VALUES (955,1787,1797,'1930-07-19',1930);
INSERT INTO match (Team_1, Team_2, Date, Year) VALUES (956,1786,1798,'1930-07-18',1930);
INSERT INTO match (Team_1, Team_2, Date, Year) VALUES (957,1788,1793,'1930-07-17',1930);
INSERT INTO match (Team_1, Team_2, Date, Year) VALUES (958,1789,1794,'1930-07-17',1930);
INSERT INTO match (Team_1, Team_2, Date, Year) VALUES (959,1790,1797,'1930-07-16',1930);
INSERT INTO match (Team_1, Team_2, Date, Year) VALUES (960,1787,1796,'1930-07-15',1930);
INSERT INTO match (Team_1, Team_2, Date, Year) VALUES (961,1788,1792,'1930-07-14',1930);
INSERT INTO match (Team_1, Team_2, Date, Year) VALUES (962,1791,1798,'1930-07-14',1930);
INSERT INTO match (Team_1, Team_2, Date, Year) VALUES (963,1789,1795,'1930-07-13',1930);
INSERT INTO match (Team_1, Team_2, Date, Year) VALUES (964,1796,1797,'1930-07-13',1930);