INSERT INTO match (Team_1, Team_2, Date, Year) VALUES (1, 2, '2022-12-18', 2022);
INSERT INTO match (Team_1, Team_2, Date, Year) VALUES (3, 4, '2022-12-17', 2022);
INSERT INTO match (Team_1, Team_2, Date, Year) VALUES (2, 4, '2022-12-14', 2022);
INSERT INTO match (Team_1, Team_2, Date, Year) VALUES (1, 3, '2022-12-13', 2022);
INSERT INTO match (Team_1, Team_2, Date, Year) VALUES (4, 5, '2022-12-10', 2022);
INSERT INTO match (Team_1, Team_2, Date, Year) VALUES (6, 2, '2022-12-10', 2022);
INSERT INTO match (Team_1, Team_2, Date, Year) VALUES (3, 7, '2022-12-09', 2022);
INSERT INTO match (Team_1, Team_2, Date, Year) VALUES (8, 1, '2022-12-09', 2022);
INSERT INTO match (Team_1, Team_2, Date, Year) VALUES (4, 9, '2022-12-06', 2022);
INSERT INTO match (Team_1, Team_2, Date, Year) VALUES (5, 10, '2022-12-06', 2022);
INSERT INTO match (Team_1, Team_2, Date, Year) VALUES (11, 3, '2022-12-05', 2022);
INSERT INTO match (Team_1, Team_2, Date, Year) VALUES (7, 12, '2022-12-05', 2022);
INSERT INTO match (Team_1, Team_2, Date, Year) VALUES (2, 13, '2022-12-04', 2022);
INSERT INTO match (Team_1, Team_2, Date, Year) VALUES (6, 14, '2022-12-04', 2022);
INSERT INTO match (Team_1, Team_2, Date, Year) VALUES (8, 15, '2022-12-03', 2022);
INSERT INTO match (Team_1, Team_2, Date, Year) VALUES (1, 16, '2022-12-03', 2022);
INSERT INTO match (Team_1, Team_2, Date, Year) VALUES (12, 5, '2022-12-02', 2022);
INSERT INTO match (Team_1, Team_2, Date, Year) VALUES (17, 18, '2022-12-02', 2022);
INSERT INTO match (Team_1, Team_2, Date, Year) VALUES (19, 7, '2022-12-02', 2022);
INSERT INTO match (Team_1, Team_2, Date, Year) VALUES (20, 10, '2022-12-02', 2022);
INSERT INTO match (Team_1, Team_2, Date, Year) VALUES (21, 4, '2022-12-01', 2022);
INSERT INTO match (Team_1, Team_2, Date, Year) VALUES (3, 22, '2022-12-01', 2022);
INSERT INTO match (Team_1, Team_2, Date, Year) VALUES (23, 24, '2022-12-01', 2022);
INSERT INTO match (Team_1, Team_2, Date, Year) VALUES (11, 9, '2022-12-01', 2022);
INSERT INTO match (Team_1, Team_2, Date, Year) VALUES (16, 25, '2022-11-30', 2022);
INSERT INTO match (Team_1, Team_2, Date, Year) VALUES (26, 2, '2022-11-30', 2022);
INSERT INTO match (Team_1, Team_2, Date, Year) VALUES (27, 28, '2022-11-30', 2022);
INSERT INTO match (Team_1, Team_2, Date, Year) VALUES (13, 1, '2022-11-30', 2022);
INSERT INTO match (Team_1, Team_2, Date, Year) VALUES (29, 14, '2022-11-29', 2022);
INSERT INTO match (Team_1, Team_2, Date, Year) VALUES (8, 30, '2022-11-29', 2022);
INSERT INTO match (Team_1, Team_2, Date, Year) VALUES (31, 15, '2022-11-29', 2022);
INSERT INTO match (Team_1, Team_2, Date, Year) VALUES (32, 6, '2022-11-29', 2022);
INSERT INTO match (Team_1, Team_2, Date, Year) VALUES (19, 20, '2022-11-28', 2022);
INSERT INTO match (Team_1, Team_2, Date, Year) VALUES (12, 17, '2022-11-28', 2022);
INSERT INTO match (Team_1, Team_2, Date, Year) VALUES (7, 10, '2022-11-28', 2022);
INSERT INTO match (Team_1, Team_2, Date, Year) VALUES (5, 18, '2022-11-28', 2022);
INSERT INTO match (Team_1, Team_2, Date, Year) VALUES (11, 23, '2022-11-27', 2022);
INSERT INTO match (Team_1, Team_2, Date, Year) VALUES (22, 4, '2022-11-27', 2022);
INSERT INTO match (Team_1, Team_2, Date, Year) VALUES (3, 21, '2022-11-27', 2022);
INSERT INTO match (Team_1, Team_2, Date, Year) VALUES (9, 24, '2022-11-27', 2022);
INSERT INTO match (Team_1, Team_2, Date, Year) VALUES (26, 16, '2022-11-26', 2022);
INSERT INTO match (Team_1, Team_2, Date, Year) VALUES (13, 27, '2022-11-26', 2022);
INSERT INTO match (Team_1, Team_2, Date, Year) VALUES (2, 25, '2022-11-26', 2022);
INSERT INTO match (Team_1, Team_2, Date, Year) VALUES (1, 28, '2022-11-26', 2022);
INSERT INTO match (Team_1, Team_2, Date, Year) VALUES (32, 31, '2022-11-25', 2022);
INSERT INTO match (Team_1, Team_2, Date, Year) VALUES (30, 14, '2022-11-25', 2022);
INSERT INTO match (Team_1, Team_2, Date, Year) VALUES (8, 29, '2022-11-25', 2022);
INSERT INTO match (Team_1, Team_2, Date, Year) VALUES (6, 15, '2022-11-25', 2022);
INSERT INTO match (Team_1, Team_2, Date, Year) VALUES (10, 19, '2022-11-24', 2022);
INSERT INTO match (Team_1, Team_2, Date, Year) VALUES (18, 12, '2022-11-24', 2022);
INSERT INTO match (Team_1, Team_2, Date, Year) VALUES (5, 17, '2022-11-24', 2022);
INSERT INTO match (Team_1, Team_2, Date, Year) VALUES (7, 20, '2022-11-24', 2022);
INSERT INTO match (Team_1, Team_2, Date, Year) VALUES (4, 3, '2022-11-23', 2022);
INSERT INTO match (Team_1, Team_2, Date, Year) VALUES (24, 11, '2022-11-23', 2022);
INSERT INTO match (Team_1, Team_2, Date, Year) VALUES (9, 23, '2022-11-23', 2022);
INSERT INTO match (Team_1, Team_2, Date, Year) VALUES (22, 21, '2022-11-23', 2022);
INSERT INTO match (Team_1, Team_2, Date, Year) VALUES (1, 27, '2022-11-22', 2022);
INSERT INTO match (Team_1, Team_2, Date, Year) VALUES (25, 26, '2022-11-22', 2022);
INSERT INTO match (Team_1, Team_2, Date, Year) VALUES (28, 13, '2022-11-22', 2022);
INSERT INTO match (Team_1, Team_2, Date, Year) VALUES (2, 16, '2022-11-22', 2022);
INSERT INTO match (Team_1, Team_2, Date, Year) VALUES (6, 31, '2022-11-21', 2022);
INSERT INTO match (Team_1, Team_2, Date, Year) VALUES (14, 8, '2022-11-21', 2022);
INSERT INTO match (Team_1, Team_2, Date, Year) VALUES (15, 32, '2022-11-21', 2022);
INSERT INTO match (Team_1, Team_2, Date, Year) VALUES (30, 29, '2022-11-20', 2022);
INSERT INTO match (Team_1, Team_2, Date, Year) VALUES (33, 34, '2018-07-15', 2018);
INSERT INTO match (Team_1, Team_2, Date, Year) VALUES (35, 36, '2018-07-14', 2018);
INSERT INTO match (Team_1, Team_2, Date, Year) VALUES (34, 36, '2018-07-11', 2018);
INSERT INTO match (Team_1, Team_2, Date, Year) VALUES (33, 35, '2018-07-10', 2018);
INSERT INTO match (Team_1, Team_2, Date, Year) VALUES (37, 36, '2018-07-07', 2018);
INSERT INTO match (Team_1, Team_2, Date, Year) VALUES (38, 34, '2018-07-07', 2018);
INSERT INTO match (Team_1, Team_2, Date, Year) VALUES (39, 33, '2018-07-06', 2018);
INSERT INTO match (Team_1, Team_2, Date, Year) VALUES (40, 35, '2018-07-06', 2018);
INSERT INTO match (Team_1, Team_2, Date, Year) VALUES (37, 41, '2018-07-03', 2018);
INSERT INTO match (Team_1, Team_2, Date, Year) VALUES (42, 36, '2018-07-03', 2018);
INSERT INTO match (Team_1, Team_2, Date, Year) VALUES (40, 43, '2018-07-02', 2018);
INSERT INTO match (Team_1, Team_2, Date, Year) VALUES (35, 44, '2018-07-02', 2018);
INSERT INTO match (Team_1, Team_2, Date, Year) VALUES (45, 38, '2018-07-01', 2018);
INSERT INTO match (Team_1, Team_2, Date, Year) VALUES (34, 46, '2018-07-01', 2018);
INSERT INTO match (Team_1, Team_2, Date, Year) VALUES (33, 47, '2018-06-30', 2018);
INSERT INTO match (Team_1, Team_2, Date, Year) VALUES (39, 48, '2018-06-30', 2018);
INSERT INTO match (Team_1, Team_2, Date, Year) VALUES (44, 49, '2018-06-28', 2018);
INSERT INTO match (Team_1, Team_2, Date, Year) VALUES (50, 42, '2018-06-28', 2018);
INSERT INTO match (Team_1, Team_2, Date, Year) VALUES (36, 35, '2018-06-28', 2018);
INSERT INTO match (Team_1, Team_2, Date, Year) VALUES (51, 52, '2018-06-28', 2018);
INSERT INTO match (Team_1, Team_2, Date, Year) VALUES (53, 54, '2018-06-27', 2018);
INSERT INTO match (Team_1, Team_2, Date, Year) VALUES (43, 37, '2018-06-27', 2018);
INSERT INTO match (Team_1, Team_2, Date, Year) VALUES (41, 55, '2018-06-27', 2018);
INSERT INTO match (Team_1, Team_2, Date, Year) VALUES (56, 40, '2018-06-27', 2018);
INSERT INTO match (Team_1, Team_2, Date, Year) VALUES (57, 58, '2018-06-26', 2018);
INSERT INTO match (Team_1, Team_2, Date, Year) VALUES (46, 33, '2018-06-26', 2018);
INSERT INTO match (Team_1, Team_2, Date, Year) VALUES (59, 34, '2018-06-26', 2018);
INSERT INTO match (Team_1, Team_2, Date, Year) VALUES (60, 47, '2018-06-26', 2018);
INSERT INTO match (Team_1, Team_2, Date, Year) VALUES (61, 62, '2018-06-25', 2018);
INSERT INTO match (Team_1, Team_2, Date, Year) VALUES (39, 38, '2018-06-25', 2018);
INSERT INTO match (Team_1, Team_2, Date, Year) VALUES (45, 63, '2018-06-25', 2018);
INSERT INTO match (Team_1, Team_2, Date, Year) VALUES (64, 48, '2018-06-25', 2018);
INSERT INTO match (Team_1, Team_2, Date, Year) VALUES (36, 51, '2018-06-24', 2018);
INSERT INTO match (Team_1, Team_2, Date, Year) VALUES (44, 50, '2018-06-24', 2018);
INSERT INTO match (Team_1, Team_2, Date, Year) VALUES (49, 42, '2018-06-24', 2018);
INSERT INTO match (Team_1, Team_2, Date, Year) VALUES (35, 52, '2018-06-23', 2018);
INSERT INTO match (Team_1, Team_2, Date, Year) VALUES (53, 43, '2018-06-23', 2018);
INSERT INTO match (Team_1, Team_2, Date, Year) VALUES (54, 37, '2018-06-23', 2018);
INSERT INTO match (Team_1, Team_2, Date, Year) VALUES (40, 55, '2018-06-22', 2018);
INSERT INTO match (Team_1, Team_2, Date, Year) VALUES (60, 59, '2018-06-22', 2018);
INSERT INTO match (Team_1, Team_2, Date, Year) VALUES (56, 41, '2018-06-22', 2018);
INSERT INTO match (Team_1, Team_2, Date, Year) VALUES (46, 57, '2018-06-21', 2018);
INSERT INTO match (Team_1, Team_2, Date, Year) VALUES (33, 58, '2018-06-21', 2018);
INSERT INTO match (Team_1, Team_2, Date, Year) VALUES (47, 34, '2018-06-21', 2018);
INSERT INTO match (Team_1, Team_2, Date, Year) VALUES (48, 63, '2018-06-20', 2018);
INSERT INTO match (Team_1, Team_2, Date, Year) VALUES (39, 61, '2018-06-20', 2018);
INSERT INTO match (Team_1, Team_2, Date, Year) VALUES (64, 45, '2018-06-20', 2018);
INSERT INTO match (Team_1, Team_2, Date, Year) VALUES (42, 44, '2018-06-19', 2018);
INSERT INTO match (Team_1, Team_2, Date, Year) VALUES (49, 50, '2018-06-19', 2018);
INSERT INTO match (Team_1, Team_2, Date, Year) VALUES (38, 62, '2018-06-19', 2018);
INSERT INTO match (Team_1, Team_2, Date, Year) VALUES (37, 53, '2018-06-18', 2018);
INSERT INTO match (Team_1, Team_2, Date, Year) VALUES (35, 51, '2018-06-18', 2018);
INSERT INTO match (Team_1, Team_2, Date, Year) VALUES (52, 36, '2018-06-18', 2018);
INSERT INTO match (Team_1, Team_2, Date, Year) VALUES (55, 56, '2018-06-17', 2018);
INSERT INTO match (Team_1, Team_2, Date, Year) VALUES (54, 43, '2018-06-17', 2018);
INSERT INTO match (Team_1, Team_2, Date, Year) VALUES (40, 41, '2018-06-17', 2018);
INSERT INTO match (Team_1, Team_2, Date, Year) VALUES (33, 57, '2018-06-16', 2018);
INSERT INTO match (Team_1, Team_2, Date, Year) VALUES (47, 59, '2018-06-16', 2018);
INSERT INTO match (Team_1, Team_2, Date, Year) VALUES (58, 46, '2018-06-16', 2018);
INSERT INTO match (Team_1, Team_2, Date, Year) VALUES (34, 60, '2018-06-16', 2018);
INSERT INTO match (Team_1, Team_2, Date, Year) VALUES (62, 39, '2018-06-15', 2018);
INSERT INTO match (Team_1, Team_2, Date, Year) VALUES (63, 64, '2018-06-15', 2018);
INSERT INTO match (Team_1, Team_2, Date, Year) VALUES (48, 45, '2018-06-15', 2018);
INSERT INTO match (Team_1, Team_2, Date, Year) VALUES (38, 61, '2018-06-14', 2018);
INSERT INTO match (Team_1, Team_2, Date, Year) VALUES (65, 66, '2014-07-13', 2014);
INSERT INTO match (Team_1, Team_2, Date, Year) VALUES (67, 68, '2014-07-12', 2014);
INSERT INTO match (Team_1, Team_2, Date, Year) VALUES (68, 66, '2014-07-09', 2014);
INSERT INTO match (Team_1, Team_2, Date, Year) VALUES (67, 65, '2014-07-08', 2014);
INSERT INTO match (Team_1, Team_2, Date, Year) VALUES (66, 69, '2014-07-05', 2014);
INSERT INTO match (Team_1, Team_2, Date, Year) VALUES (68, 70, '2014-07-05', 2014);
INSERT INTO match (Team_1, Team_2, Date, Year) VALUES (71, 65, '2014-07-04', 2014);
INSERT INTO match (Team_1, Team_2, Date, Year) VALUES (67, 72, '2014-07-04', 2014);
INSERT INTO match (Team_1, Team_2, Date, Year) VALUES (66, 73, '2014-07-01', 2014);
INSERT INTO match (Team_1, Team_2, Date, Year) VALUES (69, 74, '2014-07-01', 2014);
INSERT INTO match (Team_1, Team_2, Date, Year) VALUES (71, 75, '2014-06-30', 2014);
INSERT INTO match (Team_1, Team_2, Date, Year) VALUES (65, 76, '2014-06-30', 2014);
INSERT INTO match (Team_1, Team_2, Date, Year) VALUES (68, 77, '2014-06-29', 2014);
INSERT INTO match (Team_1, Team_2, Date, Year) VALUES (70, 78, '2014-06-29', 2014);
INSERT INTO match (Team_1, Team_2, Date, Year) VALUES (67, 79, '2014-06-28', 2014);
INSERT INTO match (Team_1, Team_2, Date, Year) VALUES (72, 80, '2014-06-28', 2014);
INSERT INTO match (Team_1, Team_2, Date, Year) VALUES (74, 65, '2014-06-26', 2014);
INSERT INTO match (Team_1, Team_2, Date, Year) VALUES (81, 82, '2014-06-26', 2014);
INSERT INTO match (Team_1, Team_2, Date, Year) VALUES (83, 69, '2014-06-26', 2014);
INSERT INTO match (Team_1, Team_2, Date, Year) VALUES (76, 84, '2014-06-26', 2014);
INSERT INTO match (Team_1, Team_2, Date, Year) VALUES (85, 86, '2014-06-25', 2014);
INSERT INTO match (Team_1, Team_2, Date, Year) VALUES (75, 66, '2014-06-25', 2014);
INSERT INTO match (Team_1, Team_2, Date, Year) VALUES (87, 73, '2014-06-25', 2014);
INSERT INTO match (Team_1, Team_2, Date, Year) VALUES (88, 71, '2014-06-25', 2014);
INSERT INTO match (Team_1, Team_2, Date, Year) VALUES (70, 89, '2014-06-24', 2014);
INSERT INTO match (Team_1, Team_2, Date, Year) VALUES (90, 80, '2014-06-24', 2014);
INSERT INTO match (Team_1, Team_2, Date, Year) VALUES (91, 72, '2014-06-24', 2014);
INSERT INTO match (Team_1, Team_2, Date, Year) VALUES (78, 92, '2014-06-24', 2014);
INSERT INTO match (Team_1, Team_2, Date, Year) VALUES (93, 94, '2014-06-23', 2014);
INSERT INTO match (Team_1, Team_2, Date, Year) VALUES (68, 79, '2014-06-23', 2014);
INSERT INTO match (Team_1, Team_2, Date, Year) VALUES (95, 77, '2014-06-23', 2014);
INSERT INTO match (Team_1, Team_2, Date, Year) VALUES (96, 67, '2014-06-23', 2014);
INSERT INTO match (Team_1, Team_2, Date, Year) VALUES (69, 84, '2014-06-22', 2014);
INSERT INTO match (Team_1, Team_2, Date, Year) VALUES (83, 76, '2014-06-22', 2014);
INSERT INTO match (Team_1, Team_2, Date, Year) VALUES (74, 81, '2014-06-22', 2014);
INSERT INTO match (Team_1, Team_2, Date, Year) VALUES (66, 86, '2014-06-21', 2014);
INSERT INTO match (Team_1, Team_2, Date, Year) VALUES (65, 82, '2014-06-21', 2014);
INSERT INTO match (Team_1, Team_2, Date, Year) VALUES (75, 85, '2014-06-21', 2014);
INSERT INTO match (Team_1, Team_2, Date, Year) VALUES (90, 70, '2014-06-20', 2014);
INSERT INTO match (Team_1, Team_2, Date, Year) VALUES (73, 71, '2014-06-20', 2014);
INSERT INTO match (Team_1, Team_2, Date, Year) VALUES (87, 88, '2014-06-20', 2014);
INSERT INTO match (Team_1, Team_2, Date, Year) VALUES (72, 92, '2014-06-19', 2014);
INSERT INTO match (Team_1, Team_2, Date, Year) VALUES (80, 89, '2014-06-19', 2014);
INSERT INTO match (Team_1, Team_2, Date, Year) VALUES (91, 78, '2014-06-19', 2014);
INSERT INTO match (Team_1, Team_2, Date, Year) VALUES (93, 68, '2014-06-18', 2014);
INSERT INTO match (Team_1, Team_2, Date, Year) VALUES (94, 79, '2014-06-18', 2014);
INSERT INTO match (Team_1, Team_2, Date, Year) VALUES (96, 95, '2014-06-18', 2014);
INSERT INTO match (Team_1, Team_2, Date, Year) VALUES (69, 76, '2014-06-17', 2014);
INSERT INTO match (Team_1, Team_2, Date, Year) VALUES (67, 77, '2014-06-17', 2014);
INSERT INTO match (Team_1, Team_2, Date, Year) VALUES (84, 83, '2014-06-17', 2014);
INSERT INTO match (Team_1, Team_2, Date, Year) VALUES (65, 81, '2014-06-16', 2014);
INSERT INTO match (Team_1, Team_2, Date, Year) VALUES (86, 75, '2014-06-16', 2014);
INSERT INTO match (Team_1, Team_2, Date, Year) VALUES (82, 74, '2014-06-16', 2014);
INSERT INTO match (Team_1, Team_2, Date, Year) VALUES (73, 88, '2014-06-15', 2014);
INSERT INTO match (Team_1, Team_2, Date, Year) VALUES (71, 87, '2014-06-15', 2014);
INSERT INTO match (Team_1, Team_2, Date, Year) VALUES (66, 85, '2014-06-15', 2014);
INSERT INTO match (Team_1, Team_2, Date, Year) VALUES (72, 78, '2014-06-14', 2014);
INSERT INTO match (Team_1, Team_2, Date, Year) VALUES (80, 70, '2014-06-14', 2014);
INSERT INTO match (Team_1, Team_2, Date, Year) VALUES (89, 90, '2014-06-14', 2014);
INSERT INTO match (Team_1, Team_2, Date, Year) VALUES (92, 91, '2014-06-14', 2014);
INSERT INTO match (Team_1, Team_2, Date, Year) VALUES (77, 96, '2014-06-13', 2014);
INSERT INTO match (Team_1, Team_2, Date, Year) VALUES (94, 68, '2014-06-13', 2014);
INSERT INTO match (Team_1, Team_2, Date, Year) VALUES (79, 93, '2014-06-13', 2014);
INSERT INTO match (Team_1, Team_2, Date, Year) VALUES (67, 95, '2014-06-12', 2014);
INSERT INTO match (Team_1, Team_2, Date, Year) VALUES (97, 98, '2010-07-11', 2010);
INSERT INTO match (Team_1, Team_2, Date, Year) VALUES (99, 100, '2010-07-10', 2010);
INSERT INTO match (Team_1, Team_2, Date, Year) VALUES (100, 98, '2010-07-07', 2010);
INSERT INTO match (Team_1, Team_2, Date, Year) VALUES (99, 97, '2010-07-06', 2010);
INSERT INTO match (Team_1, Team_2, Date, Year) VALUES (101, 100, '2010-07-03', 2010);
INSERT INTO match (Team_1, Team_2, Date, Year) VALUES (102, 98, '2010-07-03', 2010);
INSERT INTO match (Team_1, Team_2, Date, Year) VALUES (97, 103, '2010-07-02', 2010);
INSERT INTO match (Team_1, Team_2, Date, Year) VALUES (99, 104, '2010-07-02', 2010);
INSERT INTO match (Team_1, Team_2, Date, Year) VALUES (102, 105, '2010-06-29', 2010);
INSERT INTO match (Team_1, Team_2, Date, Year) VALUES (98, 106, '2010-06-29', 2010);
INSERT INTO match (Team_1, Team_2, Date, Year) VALUES (97, 107, '2010-06-28', 2010);
INSERT INTO match (Team_1, Team_2, Date, Year) VALUES (103, 108, '2010-06-28', 2010);
INSERT INTO match (Team_1, Team_2, Date, Year) VALUES (100, 109, '2010-06-27', 2010);
INSERT INTO match (Team_1, Team_2, Date, Year) VALUES (101, 110, '2010-06-27', 2010);
INSERT INTO match (Team_1, Team_2, Date, Year) VALUES (99, 111, '2010-06-26', 2010);
INSERT INTO match (Team_1, Team_2, Date, Year) VALUES (112, 104, '2010-06-26', 2010);
INSERT INTO match (Team_1, Team_2, Date, Year) VALUES (106, 103, '2010-06-25', 2010);
INSERT INTO match (Team_1, Team_2, Date, Year) VALUES (113, 114, '2010-06-25', 2010);
INSERT INTO match (Team_1, Team_2, Date, Year) VALUES (108, 98, '2010-06-25', 2010);
INSERT INTO match (Team_1, Team_2, Date, Year) VALUES (115, 116, '2010-06-25', 2010);
INSERT INTO match (Team_1, Team_2, Date, Year) VALUES (102, 117, '2010-06-24', 2010);
INSERT INTO match (Team_1, Team_2, Date, Year) VALUES (107, 118, '2010-06-24', 2010);
INSERT INTO match (Team_1, Team_2, Date, Year) VALUES (119, 105, '2010-06-24', 2010);
INSERT INTO match (Team_1, Team_2, Date, Year) VALUES (120, 97, '2010-06-24', 2010);
INSERT INTO match (Team_1, Team_2, Date, Year) VALUES (121, 109, '2010-06-23', 2010);
INSERT INTO match (Team_1, Team_2, Date, Year) VALUES (112, 122, '2010-06-23', 2010);
INSERT INTO match (Team_1, Team_2, Date, Year) VALUES (104, 100, '2010-06-23', 2010);
INSERT INTO match (Team_1, Team_2, Date, Year) VALUES (123, 124, '2010-06-23', 2010);
INSERT INTO match (Team_1, Team_2, Date, Year) VALUES (110, 99, '2010-06-22', 2010);
INSERT INTO match (Team_1, Team_2, Date, Year) VALUES (125, 126, '2010-06-22', 2010);
INSERT INTO match (Team_1, Team_2, Date, Year) VALUES (127, 111, '2010-06-22', 2010);
INSERT INTO match (Team_1, Team_2, Date, Year) VALUES (128, 101, '2010-06-22', 2010);
INSERT INTO match (Team_1, Team_2, Date, Year) VALUES (106, 113, '2010-06-21', 2010);
INSERT INTO match (Team_1, Team_2, Date, Year) VALUES (108, 115, '2010-06-21', 2010);
INSERT INTO match (Team_1, Team_2, Date, Year) VALUES (98, 116, '2010-06-21', 2010);
INSERT INTO match (Team_1, Team_2, Date, Year) VALUES (107, 102, '2010-06-20', 2010);
INSERT INTO match (Team_1, Team_2, Date, Year) VALUES (118, 117, '2010-06-20', 2010);
INSERT INTO match (Team_1, Team_2, Date, Year) VALUES (103, 114, '2010-06-20', 2010);
INSERT INTO match (Team_1, Team_2, Date, Year) VALUES (97, 105, '2010-06-19', 2010);
INSERT INTO match (Team_1, Team_2, Date, Year) VALUES (104, 123, '2010-06-19', 2010);
INSERT INTO match (Team_1, Team_2, Date, Year) VALUES (120, 119, '2010-06-19', 2010);
INSERT INTO match (Team_1, Team_2, Date, Year) VALUES (100, 124, '2010-06-18', 2010);
INSERT INTO match (Team_1, Team_2, Date, Year) VALUES (121, 112, '2010-06-18', 2010);
INSERT INTO match (Team_1, Team_2, Date, Year) VALUES (109, 122, '2010-06-18', 2010);
INSERT INTO match (Team_1, Team_2, Date, Year) VALUES (101, 111, '2010-06-17', 2010);
INSERT INTO match (Team_1, Team_2, Date, Year) VALUES (128, 127, '2010-06-17', 2010);
INSERT INTO match (Team_1, Team_2, Date, Year) VALUES (125, 110, '2010-06-17', 2010);
INSERT INTO match (Team_1, Team_2, Date, Year) VALUES (116, 108, '2010-06-16', 2010);
INSERT INTO match (Team_1, Team_2, Date, Year) VALUES (98, 115, '2010-06-16', 2010);
INSERT INTO match (Team_1, Team_2, Date, Year) VALUES (126, 99, '2010-06-16', 2010);
INSERT INTO match (Team_1, Team_2, Date, Year) VALUES (117, 107, '2010-06-15', 2010);
INSERT INTO match (Team_1, Team_2, Date, Year) VALUES (114, 106, '2010-06-15', 2010);
INSERT INTO match (Team_1, Team_2, Date, Year) VALUES (103, 113, '2010-06-15', 2010);
INSERT INTO match (Team_1, Team_2, Date, Year) VALUES (97, 119, '2010-06-14', 2010);
INSERT INTO match (Team_1, Team_2, Date, Year) VALUES (105, 120, '2010-06-14', 2010);
INSERT INTO match (Team_1, Team_2, Date, Year) VALUES (118, 102, '2010-06-14', 2010);
INSERT INTO match (Team_1, Team_2, Date, Year) VALUES (122, 121, '2010-06-13', 2010);
INSERT INTO match (Team_1, Team_2, Date, Year) VALUES (124, 104, '2010-06-13', 2010);
INSERT INTO match (Team_1, Team_2, Date, Year) VALUES (100, 123, '2010-06-13', 2010);
INSERT INTO match (Team_1, Team_2, Date, Year) VALUES (111, 128, '2010-06-12', 2010);
INSERT INTO match (Team_1, Team_2, Date, Year) VALUES (101, 127, '2010-06-12', 2010);
INSERT INTO match (Team_1, Team_2, Date, Year) VALUES (109, 112, '2010-06-12', 2010);
INSERT INTO match (Team_1, Team_2, Date, Year) VALUES (126, 110, '2010-06-11', 2010);
INSERT INTO match (Team_1, Team_2, Date, Year) VALUES (99, 125, '2010-06-11', 2010);
INSERT INTO match (Team_1, Team_2, Date, Year) VALUES (129, 130, '2006-07-09', 2006);
INSERT INTO match (Team_1, Team_2, Date, Year) VALUES (131, 132, '2006-07-08', 2006);
INSERT INTO match (Team_1, Team_2, Date, Year) VALUES (132, 130, '2006-07-05', 2006);
INSERT INTO match (Team_1, Team_2, Date, Year) VALUES (131, 129, '2006-07-04', 2006);
INSERT INTO match (Team_1, Team_2, Date, Year) VALUES (133, 132, '2006-07-01', 2006);
INSERT INTO match (Team_1, Team_2, Date, Year) VALUES (134, 130, '2006-07-01', 2006);
INSERT INTO match (Team_1, Team_2, Date, Year) VALUES (131, 135, '2006-06-30', 2006);
INSERT INTO match (Team_1, Team_2, Date, Year) VALUES (129, 136, '2006-06-30', 2006);
INSERT INTO match (Team_1, Team_2, Date, Year) VALUES (134, 137, '2006-06-27', 2006);
INSERT INTO match (Team_1, Team_2, Date, Year) VALUES (138, 130, '2006-06-27', 2006);
INSERT INTO match (Team_1, Team_2, Date, Year) VALUES (129, 139, '2006-06-26', 2006);
INSERT INTO match (Team_1, Team_2, Date, Year) VALUES (140, 136, '2006-06-26', 2006);
INSERT INTO match (Team_1, Team_2, Date, Year) VALUES (133, 141, '2006-06-25', 2006);
INSERT INTO match (Team_1, Team_2, Date, Year) VALUES (132, 142, '2006-06-25', 2006);
INSERT INTO match (Team_1, Team_2, Date, Year) VALUES (131, 143, '2006-06-24', 2006);
INSERT INTO match (Team_1, Team_2, Date, Year) VALUES (135, 144, '2006-06-24', 2006);
INSERT INTO match (Team_1, Team_2, Date, Year) VALUES (145, 138, '2006-06-23', 2006);
INSERT INTO match (Team_1, Team_2, Date, Year) VALUES (136, 146, '2006-06-23', 2006);
INSERT INTO match (Team_1, Team_2, Date, Year) VALUES (147, 130, '2006-06-23', 2006);
INSERT INTO match (Team_1, Team_2, Date, Year) VALUES (140, 148, '2006-06-23', 2006);
INSERT INTO match (Team_1, Team_2, Date, Year) VALUES (137, 149, '2006-06-22', 2006);
INSERT INTO match (Team_1, Team_2, Date, Year) VALUES (150, 129, '2006-06-22', 2006);
INSERT INTO match (Team_1, Team_2, Date, Year) VALUES (151, 134, '2006-06-22', 2006);
INSERT INTO match (Team_1, Team_2, Date, Year) VALUES (152, 139, '2006-06-22', 2006);
INSERT INTO match (Team_1, Team_2, Date, Year) VALUES (132, 144, '2006-06-21', 2006);
INSERT INTO match (Team_1, Team_2, Date, Year) VALUES (153, 154, '2006-06-21', 2006);
INSERT INTO match (Team_1, Team_2, Date, Year) VALUES (155, 156, '2006-06-21', 2006);
INSERT INTO match (Team_1, Team_2, Date, Year) VALUES (142, 135, '2006-06-21', 2006);
INSERT INTO match (Team_1, Team_2, Date, Year) VALUES (157, 158, '2006-06-20', 2006);
INSERT INTO match (Team_1, Team_2, Date, Year) VALUES (141, 131, '2006-06-20', 2006);
INSERT INTO match (Team_1, Team_2, Date, Year) VALUES (159, 160, '2006-06-20', 2006);
INSERT INTO match (Team_1, Team_2, Date, Year) VALUES (143, 133, '2006-06-20', 2006);
INSERT INTO match (Team_1, Team_2, Date, Year) VALUES (147, 140, '2006-06-19', 2006);
INSERT INTO match (Team_1, Team_2, Date, Year) VALUES (145, 136, '2006-06-19', 2006);
INSERT INTO match (Team_1, Team_2, Date, Year) VALUES (138, 146, '2006-06-19', 2006);
INSERT INTO match (Team_1, Team_2, Date, Year) VALUES (151, 152, '2006-06-18', 2006);
INSERT INTO match (Team_1, Team_2, Date, Year) VALUES (134, 139, '2006-06-18', 2006);
INSERT INTO match (Team_1, Team_2, Date, Year) VALUES (130, 148, '2006-06-18', 2006);
INSERT INTO match (Team_1, Team_2, Date, Year) VALUES (132, 153, '2006-06-17', 2006);
INSERT INTO match (Team_1, Team_2, Date, Year) VALUES (150, 137, '2006-06-17', 2006);
INSERT INTO match (Team_1, Team_2, Date, Year) VALUES (129, 149, '2006-06-17', 2006);
INSERT INTO match (Team_1, Team_2, Date, Year) VALUES (135, 156, '2006-06-16', 2006);
INSERT INTO match (Team_1, Team_2, Date, Year) VALUES (142, 155, '2006-06-16', 2006);
INSERT INTO match (Team_1, Team_2, Date, Year) VALUES (144, 154, '2006-06-16', 2006);
INSERT INTO match (Team_1, Team_2, Date, Year) VALUES (141, 157, '2006-06-15', 2006);
INSERT INTO match (Team_1, Team_2, Date, Year) VALUES (133, 160, '2006-06-15', 2006);
INSERT INTO match (Team_1, Team_2, Date, Year) VALUES (143, 159, '2006-06-15', 2006);
INSERT INTO match (Team_1, Team_2, Date, Year) VALUES (138, 136, '2006-06-14', 2006);
INSERT INTO match (Team_1, Team_2, Date, Year) VALUES (146, 145, '2006-06-14', 2006);
INSERT INTO match (Team_1, Team_2, Date, Year) VALUES (131, 158, '2006-06-14', 2006);
INSERT INTO match (Team_1, Team_2, Date, Year) VALUES (148, 147, '2006-06-13', 2006);
INSERT INTO match (Team_1, Team_2, Date, Year) VALUES (130, 140, '2006-06-13', 2006);
INSERT INTO match (Team_1, Team_2, Date, Year) VALUES (134, 152, '2006-06-13', 2006);
INSERT INTO match (Team_1, Team_2, Date, Year) VALUES (139, 151, '2006-06-12', 2006);
INSERT INTO match (Team_1, Team_2, Date, Year) VALUES (149, 150, '2006-06-12', 2006);
INSERT INTO match (Team_1, Team_2, Date, Year) VALUES (129, 137, '2006-06-12', 2006);
INSERT INTO match (Team_1, Team_2, Date, Year) VALUES (156, 142, '2006-06-11', 2006);
INSERT INTO match (Team_1, Team_2, Date, Year) VALUES (144, 153, '2006-06-11', 2006);
INSERT INTO match (Team_1, Team_2, Date, Year) VALUES (154, 132, '2006-06-11', 2006);
INSERT INTO match (Team_1, Team_2, Date, Year) VALUES (133, 159, '2006-06-10', 2006);
INSERT INTO match (Team_1, Team_2, Date, Year) VALUES (160, 143, '2006-06-10', 2006);
INSERT INTO match (Team_1, Team_2, Date, Year) VALUES (135, 155, '2006-06-10', 2006);
INSERT INTO match (Team_1, Team_2, Date, Year) VALUES (131, 157, '2006-06-09', 2006);
INSERT INTO match (Team_1, Team_2, Date, Year) VALUES (158, 141, '2006-06-09', 2006);
INSERT INTO match (Team_1, Team_2, Date, Year) VALUES (161, 162, '2002-06-30', 2002);
INSERT INTO match (Team_1, Team_2, Date, Year) VALUES (163, 164, '2002-06-29', 2002);
INSERT INTO match (Team_1, Team_2, Date, Year) VALUES (162, 164, '2002-06-26', 2002);
INSERT INTO match (Team_1, Team_2, Date, Year) VALUES (161, 163, '2002-06-25', 2002);
INSERT INTO match (Team_1, Team_2, Date, Year) VALUES (165, 163, '2002-06-22', 2002);
INSERT INTO match (Team_1, Team_2, Date, Year) VALUES (166, 164, '2002-06-22', 2002);
INSERT INTO match (Team_1, Team_2, Date, Year) VALUES (167, 162, '2002-06-21', 2002);
INSERT INTO match (Team_1, Team_2, Date, Year) VALUES (161, 168, '2002-06-21', 2002);
INSERT INTO match (Team_1, Team_2, Date, Year) VALUES (169, 164, '2002-06-18', 2002);
INSERT INTO match (Team_1, Team_2, Date, Year) VALUES (163, 170, '2002-06-18', 2002);
INSERT INTO match (Team_1, Team_2, Date, Year) VALUES (171, 168, '2002-06-17', 2002);
INSERT INTO match (Team_1, Team_2, Date, Year) VALUES (162, 172, '2002-06-17', 2002);
INSERT INTO match (Team_1, Team_2, Date, Year) VALUES (173, 166, '2002-06-16', 2002);
INSERT INTO match (Team_1, Team_2, Date, Year) VALUES (165, 174, '2002-06-16', 2002);
INSERT INTO match (Team_1, Team_2, Date, Year) VALUES (161, 175, '2002-06-15', 2002);
INSERT INTO match (Team_1, Team_2, Date, Year) VALUES (176, 167, '2002-06-15', 2002);
INSERT INTO match (Team_1, Team_2, Date, Year) VALUES (177, 169, '2002-06-14', 2002);
INSERT INTO match (Team_1, Team_2, Date, Year) VALUES (172, 178, '2002-06-14', 2002);
INSERT INTO match (Team_1, Team_2, Date, Year) VALUES (179, 163, '2002-06-14', 2002);
INSERT INTO match (Team_1, Team_2, Date, Year) VALUES (180, 168, '2002-06-14', 2002);
INSERT INTO match (Team_1, Team_2, Date, Year) VALUES (181, 162, '2002-06-13', 2002);
INSERT INTO match (Team_1, Team_2, Date, Year) VALUES (164, 182, '2002-06-13', 2002);
INSERT INTO match (Team_1, Team_2, Date, Year) VALUES (171, 170, '2002-06-13', 2002);
INSERT INTO match (Team_1, Team_2, Date, Year) VALUES (183, 184, '2002-06-13', 2002);
INSERT INTO match (Team_1, Team_2, Date, Year) VALUES (173, 185, '2002-06-12', 2002);
INSERT INTO match (Team_1, Team_2, Date, Year) VALUES (186, 167, '2002-06-12', 2002);
INSERT INTO match (Team_1, Team_2, Date, Year) VALUES (187, 165, '2002-06-12', 2002);
INSERT INTO match (Team_1, Team_2, Date, Year) VALUES (188, 175, '2002-06-12', 2002);
INSERT INTO match (Team_1, Team_2, Date, Year) VALUES (176, 189, '2002-06-11', 2002);
INSERT INTO match (Team_1, Team_2, Date, Year) VALUES (166, 190, '2002-06-11', 2002);
INSERT INTO match (Team_1, Team_2, Date, Year) VALUES (191, 174, '2002-06-11', 2002);
INSERT INTO match (Team_1, Team_2, Date, Year) VALUES (192, 161, '2002-06-11', 2002);
INSERT INTO match (Team_1, Team_2, Date, Year) VALUES (163, 168, '2002-06-10', 2002);
INSERT INTO match (Team_1, Team_2, Date, Year) VALUES (177, 172, '2002-06-10', 2002);
INSERT INTO match (Team_1, Team_2, Date, Year) VALUES (179, 180, '2002-06-10', 2002);
INSERT INTO match (Team_1, Team_2, Date, Year) VALUES (171, 183, '2002-06-09', 2002);
INSERT INTO match (Team_1, Team_2, Date, Year) VALUES (181, 164, '2002-06-09', 2002);
INSERT INTO match (Team_1, Team_2, Date, Year) VALUES (169, 178, '2002-06-09', 2002);
INSERT INTO match (Team_1, Team_2, Date, Year) VALUES (187, 188, '2002-06-08', 2002);
INSERT INTO match (Team_1, Team_2, Date, Year) VALUES (170, 184, '2002-06-08', 2002);
INSERT INTO match (Team_1, Team_2, Date, Year) VALUES (162, 182, '2002-06-08', 2002);
INSERT INTO match (Team_1, Team_2, Date, Year) VALUES (173, 186, '2002-06-07', 2002);
INSERT INTO match (Team_1, Team_2, Date, Year) VALUES (165, 175, '2002-06-07', 2002);
INSERT INTO match (Team_1, Team_2, Date, Year) VALUES (185, 167, '2002-06-07', 2002);
INSERT INTO match (Team_1, Team_2, Date, Year) VALUES (176, 166, '2002-06-06', 2002);
INSERT INTO match (Team_1, Team_2, Date, Year) VALUES (192, 191, '2002-06-06', 2002);
INSERT INTO match (Team_1, Team_2, Date, Year) VALUES (189, 190, '2002-06-06', 2002);
INSERT INTO match (Team_1, Team_2, Date, Year) VALUES (178, 177, '2002-06-05', 2002);
INSERT INTO match (Team_1, Team_2, Date, Year) VALUES (168, 179, '2002-06-05', 2002);
INSERT INTO match (Team_1, Team_2, Date, Year) VALUES (161, 174, '2002-06-05', 2002);
INSERT INTO match (Team_1, Team_2, Date, Year) VALUES (182, 181, '2002-06-04', 2002);
INSERT INTO match (Team_1, Team_2, Date, Year) VALUES (169, 172, '2002-06-04', 2002);
INSERT INTO match (Team_1, Team_2, Date, Year) VALUES (163, 180, '2002-06-04', 2002);
INSERT INTO match (Team_1, Team_2, Date, Year) VALUES (184, 171, '2002-06-03', 2002);
INSERT INTO match (Team_1, Team_2, Date, Year) VALUES (162, 164, '2002-06-03', 2002);
INSERT INTO match (Team_1, Team_2, Date, Year) VALUES (170, 183, '2002-06-03', 2002);
INSERT INTO match (Team_1, Team_2, Date, Year) VALUES (185, 186, '2002-06-02', 2002);
INSERT INTO match (Team_1, Team_2, Date, Year) VALUES (175, 187, '2002-06-02', 2002);
INSERT INTO match (Team_1, Team_2, Date, Year) VALUES (167, 173, '2002-06-02', 2002);
INSERT INTO match (Team_1, Team_2, Date, Year) VALUES (165, 188, '2002-06-02', 2002);
INSERT INTO match (Team_1, Team_2, Date, Year) VALUES (174, 192, '2002-06-01', 2002);
INSERT INTO match (Team_1, Team_2, Date, Year) VALUES (190, 176, '2002-06-01', 2002);
INSERT INTO match (Team_1, Team_2, Date, Year) VALUES (161, 191, '2002-06-01', 2002);
INSERT INTO match (Team_1, Team_2, Date, Year) VALUES (189, 166, '2002-05-31', 2002);
INSERT INTO match (Team_1, Team_2, Date, Year) VALUES (193, 194, '1998-07-12', 1998);
INSERT INTO match (Team_1, Team_2, Date, Year) VALUES (195, 196, '1998-07-11', 1998);
INSERT INTO match (Team_1, Team_2, Date, Year) VALUES (194, 196, '1998-07-08', 1998);
INSERT INTO match (Team_1, Team_2, Date, Year) VALUES (193, 195, '1998-07-07', 1998);
INSERT INTO match (Team_1, Team_2, Date, Year) VALUES (195, 197, '1998-07-04', 1998);
INSERT INTO match (Team_1, Team_2, Date, Year) VALUES (198, 196, '1998-07-04', 1998);
INSERT INTO match (Team_1, Team_2, Date, Year) VALUES (199, 194, '1998-07-03', 1998);
INSERT INTO match (Team_1, Team_2, Date, Year) VALUES (193, 200, '1998-07-03', 1998);
INSERT INTO match (Team_1, Team_2, Date, Year) VALUES (201, 196, '1998-06-30', 1998);
INSERT INTO match (Team_1, Team_2, Date, Year) VALUES (197, 202, '1998-06-30', 1998);
INSERT INTO match (Team_1, Team_2, Date, Year) VALUES (198, 203, '1998-06-29', 1998);
INSERT INTO match (Team_1, Team_2, Date, Year) VALUES (195, 204, '1998-06-29', 1998);
INSERT INTO match (Team_1, Team_2, Date, Year) VALUES (194, 205, '1998-06-28', 1998);
INSERT INTO match (Team_1, Team_2, Date, Year) VALUES (206, 200, '1998-06-28', 1998);
INSERT INTO match (Team_1, Team_2, Date, Year) VALUES (199, 207, '1998-06-27', 1998);
INSERT INTO match (Team_1, Team_2, Date, Year) VALUES (193, 208, '1998-06-27', 1998);
INSERT INTO match (Team_1, Team_2, Date, Year) VALUES (197, 196, '1998-06-26', 1998);
INSERT INTO match (Team_1, Team_2, Date, Year) VALUES (209, 210, '1998-06-26', 1998);
INSERT INTO match (Team_1, Team_2, Date, Year) VALUES (201, 211, '1998-06-26', 1998);
INSERT INTO match (Team_1, Team_2, Date, Year) VALUES (212, 202, '1998-06-26', 1998);
INSERT INTO match (Team_1, Team_2, Date, Year) VALUES (195, 203, '1998-06-25', 1998);
INSERT INTO match (Team_1, Team_2, Date, Year) VALUES (213, 214, '1998-06-25', 1998);
INSERT INTO match (Team_1, Team_2, Date, Year) VALUES (215, 204, '1998-06-25', 1998);
INSERT INTO match (Team_1, Team_2, Date, Year) VALUES (198, 216, '1998-06-25', 1998);
INSERT INTO match (Team_1, Team_2, Date, Year) VALUES (217, 218, '1998-06-24', 1998);
INSERT INTO match (Team_1, Team_2, Date, Year) VALUES (194, 200, '1998-06-24', 1998);
INSERT INTO match (Team_1, Team_2, Date, Year) VALUES (219, 220, '1998-06-24', 1998);
INSERT INTO match (Team_1, Team_2, Date, Year) VALUES (206, 205, '1998-06-24', 1998);
INSERT INTO match (Team_1, Team_2, Date, Year) VALUES (199, 221, '1998-06-23', 1998);
INSERT INTO match (Team_1, Team_2, Date, Year) VALUES (208, 222, '1998-06-23', 1998);
INSERT INTO match (Team_1, Team_2, Date, Year) VALUES (193, 207, '1998-06-23', 1998);
INSERT INTO match (Team_1, Team_2, Date, Year) VALUES (223, 224, '1998-06-23', 1998);
INSERT INTO match (Team_1, Team_2, Date, Year) VALUES (212, 211, '1998-06-22', 1998);
INSERT INTO match (Team_1, Team_2, Date, Year) VALUES (201, 202, '1998-06-22', 1998);
INSERT INTO match (Team_1, Team_2, Date, Year) VALUES (198, 204, '1998-06-21', 1998);
INSERT INTO match (Team_1, Team_2, Date, Year) VALUES (197, 210, '1998-06-21', 1998);
INSERT INTO match (Team_1, Team_2, Date, Year) VALUES (215, 216, '1998-06-21', 1998);
INSERT INTO match (Team_1, Team_2, Date, Year) VALUES (209, 196, '1998-06-20', 1998);
INSERT INTO match (Team_1, Team_2, Date, Year) VALUES (213, 203, '1998-06-20', 1998);
INSERT INTO match (Team_1, Team_2, Date, Year) VALUES (195, 214, '1998-06-20', 1998);
INSERT INTO match (Team_1, Team_2, Date, Year) VALUES (206, 220, '1998-06-19', 1998);
INSERT INTO match (Team_1, Team_2, Date, Year) VALUES (219, 205, '1998-06-19', 1998);
INSERT INTO match (Team_1, Team_2, Date, Year) VALUES (217, 200, '1998-06-18', 1998);
INSERT INTO match (Team_1, Team_2, Date, Year) VALUES (194, 218, '1998-06-18', 1998);
INSERT INTO match (Team_1, Team_2, Date, Year) VALUES (208, 221, '1998-06-17', 1998);
INSERT INTO match (Team_1, Team_2, Date, Year) VALUES (199, 222, '1998-06-17', 1998);
INSERT INTO match (Team_1, Team_2, Date, Year) VALUES (223, 207, '1998-06-16', 1998);
INSERT INTO match (Team_1, Team_2, Date, Year) VALUES (193, 224, '1998-06-16', 1998);
INSERT INTO match (Team_1, Team_2, Date, Year) VALUES (202, 211, '1998-06-15', 1998);
INSERT INTO match (Team_1, Team_2, Date, Year) VALUES (201, 212, '1998-06-15', 1998);
INSERT INTO match (Team_1, Team_2, Date, Year) VALUES (198, 215, '1998-06-15', 1998);
INSERT INTO match (Team_1, Team_2, Date, Year) VALUES (197, 209, '1998-06-14', 1998);
INSERT INTO match (Team_1, Team_2, Date, Year) VALUES (204, 216, '1998-06-14', 1998);
INSERT INTO match (Team_1, Team_2, Date, Year) VALUES (210, 196, '1998-06-14', 1998);
INSERT INTO match (Team_1, Team_2, Date, Year) VALUES (219, 206, '1998-06-13', 1998);
INSERT INTO match (Team_1, Team_2, Date, Year) VALUES (214, 203, '1998-06-13', 1998);
INSERT INTO match (Team_1, Team_2, Date, Year) VALUES (195, 213, '1998-06-13', 1998);
INSERT INTO match (Team_1, Team_2, Date, Year) VALUES (205, 220, '1998-06-12', 1998);
INSERT INTO match (Team_1, Team_2, Date, Year) VALUES (218, 200, '1998-06-12', 1998);
INSERT INTO match (Team_1, Team_2, Date, Year) VALUES (194, 217, '1998-06-12', 1998);
INSERT INTO match (Team_1, Team_2, Date, Year) VALUES (199, 208, '1998-06-11', 1998);
INSERT INTO match (Team_1, Team_2, Date, Year) VALUES (222, 221, '1998-06-11', 1998);
INSERT INTO match (Team_1, Team_2, Date, Year) VALUES (193, 223, '1998-06-10', 1998);
INSERT INTO match (Team_1, Team_2, Date, Year) VALUES (224, 207, '1998-06-10', 1998);
INSERT INTO match (Team_1, Team_2, Date, Year) VALUES (225, 226, '1994-07-17', 1994);
INSERT INTO match (Team_1, Team_2, Date, Year) VALUES (227, 228, '1994-07-16', 1994);
INSERT INTO match (Team_1, Team_2, Date, Year) VALUES (228, 226, '1994-07-13', 1994);
INSERT INTO match (Team_1, Team_2, Date, Year) VALUES (227, 225, '1994-07-13', 1994);
INSERT INTO match (Team_1, Team_2, Date, Year) VALUES (228, 229, '1994-07-10', 1994);
INSERT INTO match (Team_1, Team_2, Date, Year) VALUES (230, 227, '1994-07-10', 1994);
INSERT INTO match (Team_1, Team_2, Date, Year) VALUES (226, 231, '1994-07-09', 1994);
INSERT INTO match (Team_1, Team_2, Date, Year) VALUES (232, 225, '1994-07-09', 1994);
INSERT INTO match (Team_1, Team_2, Date, Year) VALUES (233, 226, '1994-07-05', 1994);
INSERT INTO match (Team_1, Team_2, Date, Year) VALUES (234, 228, '1994-07-05', 1994);
INSERT INTO match (Team_1, Team_2, Date, Year) VALUES (232, 235, '1994-07-04', 1994);
INSERT INTO match (Team_1, Team_2, Date, Year) VALUES (225, 236, '1994-07-04', 1994);
INSERT INTO match (Team_1, Team_2, Date, Year) VALUES (237, 227, '1994-07-03', 1994);
INSERT INTO match (Team_1, Team_2, Date, Year) VALUES (230, 238, '1994-07-03', 1994);
INSERT INTO match (Team_1, Team_2, Date, Year) VALUES (229, 239, '1994-07-02', 1994);
INSERT INTO match (Team_1, Team_2, Date, Year) VALUES (231, 240, '1994-07-02', 1994);
INSERT INTO match (Team_1, Team_2, Date, Year) VALUES (241, 233, '1994-06-30', 1994);
INSERT INTO match (Team_1, Team_2, Date, Year) VALUES (238, 228, '1994-06-30', 1994);
INSERT INTO match (Team_1, Team_2, Date, Year) VALUES (242, 232, '1994-06-29', 1994);
INSERT INTO match (Team_1, Team_2, Date, Year) VALUES (239, 237, '1994-06-29', 1994);
INSERT INTO match (Team_1, Team_2, Date, Year) VALUES (226, 234, '1994-06-28', 1994);
INSERT INTO match (Team_1, Team_2, Date, Year) VALUES (235, 243, '1994-06-28', 1994);
INSERT INTO match (Team_1, Team_2, Date, Year) VALUES (244, 245, '1994-06-28', 1994);
INSERT INTO match (Team_1, Team_2, Date, Year) VALUES (225, 227, '1994-06-28', 1994);
INSERT INTO match (Team_1, Team_2, Date, Year) VALUES (229, 246, '1994-06-27', 1994);
INSERT INTO match (Team_1, Team_2, Date, Year) VALUES (247, 231, '1994-06-27', 1994);
INSERT INTO match (Team_1, Team_2, Date, Year) VALUES (228, 241, '1994-06-26', 1994);
INSERT INTO match (Team_1, Team_2, Date, Year) VALUES (236, 230, '1994-06-26', 1994);
INSERT INTO match (Team_1, Team_2, Date, Year) VALUES (240, 248, '1994-06-26', 1994);
INSERT INTO match (Team_1, Team_2, Date, Year) VALUES (239, 232, '1994-06-25', 1994);
INSERT INTO match (Team_1, Team_2, Date, Year) VALUES (237, 242, '1994-06-25', 1994);
INSERT INTO match (Team_1, Team_2, Date, Year) VALUES (238, 233, '1994-06-25', 1994);
INSERT INTO match (Team_1, Team_2, Date, Year) VALUES (234, 235, '1994-06-24', 1994);
INSERT INTO match (Team_1, Team_2, Date, Year) VALUES (225, 245, '1994-06-24', 1994);
INSERT INTO match (Team_1, Team_2, Date, Year) VALUES (227, 244, '1994-06-24', 1994);
INSERT INTO match (Team_1, Team_2, Date, Year) VALUES (226, 243, '1994-06-23', 1994);
INSERT INTO match (Team_1, Team_2, Date, Year) VALUES (246, 247, '1994-06-23', 1994);
INSERT INTO match (Team_1, Team_2, Date, Year) VALUES (230, 240, '1994-06-22', 1994);
INSERT INTO match (Team_1, Team_2, Date, Year) VALUES (236, 248, '1994-06-22', 1994);
INSERT INTO match (Team_1, Team_2, Date, Year) VALUES (238, 241, '1994-06-21', 1994);
INSERT INTO match (Team_1, Team_2, Date, Year) VALUES (229, 231, '1994-06-21', 1994);
INSERT INTO match (Team_1, Team_2, Date, Year) VALUES (233, 228, '1994-06-21', 1994);
INSERT INTO match (Team_1, Team_2, Date, Year) VALUES (225, 244, '1994-06-20', 1994);
INSERT INTO match (Team_1, Team_2, Date, Year) VALUES (232, 237, '1994-06-20', 1994);
INSERT INTO match (Team_1, Team_2, Date, Year) VALUES (239, 242, '1994-06-19', 1994);
INSERT INTO match (Team_1, Team_2, Date, Year) VALUES (243, 234, '1994-06-19', 1994);
INSERT INTO match (Team_1, Team_2, Date, Year) VALUES (245, 227, '1994-06-19', 1994);
INSERT INTO match (Team_1, Team_2, Date, Year) VALUES (236, 240, '1994-06-18', 1994);
INSERT INTO match (Team_1, Team_2, Date, Year) VALUES (226, 235, '1994-06-18', 1994);
INSERT INTO match (Team_1, Team_2, Date, Year) VALUES (248, 230, '1994-06-18', 1994);
INSERT INTO match (Team_1, Team_2, Date, Year) VALUES (229, 247, '1994-06-17', 1994);
INSERT INTO match (Team_1, Team_2, Date, Year) VALUES (231, 246, '1994-06-17', 1994);
INSERT INTO match (Team_1, Team_2, Date, Year) VALUES (249, 250, '1990-07-08', 1990);
INSERT INTO match (Team_1, Team_2, Date, Year) VALUES (251, 252, '1990-07-07', 1990);
INSERT INTO match (Team_1, Team_2, Date, Year) VALUES (249, 252, '1990-07-04', 1990);
INSERT INTO match (Team_1, Team_2, Date, Year) VALUES (251, 250, '1990-07-03', 1990);
INSERT INTO match (Team_1, Team_2, Date, Year) VALUES (249, 253, '1990-07-01', 1990);
INSERT INTO match (Team_1, Team_2, Date, Year) VALUES (252, 254, '1990-07-01', 1990);
INSERT INTO match (Team_1, Team_2, Date, Year) VALUES (255, 250, '1990-06-30', 1990);
INSERT INTO match (Team_1, Team_2, Date, Year) VALUES (251, 256, '1990-06-30', 1990);
INSERT INTO match (Team_1, Team_2, Date, Year) VALUES (257, 255, '1990-06-26', 1990);
INSERT INTO match (Team_1, Team_2, Date, Year) VALUES (252, 258, '1990-06-26', 1990);
INSERT INTO match (Team_1, Team_2, Date, Year) VALUES (256, 259, '1990-06-25', 1990);
INSERT INTO match (Team_1, Team_2, Date, Year) VALUES (251, 260, '1990-06-25', 1990);
INSERT INTO match (Team_1, Team_2, Date, Year) VALUES (261, 250, '1990-06-24', 1990);
INSERT INTO match (Team_1, Team_2, Date, Year) VALUES (249, 262, '1990-06-24', 1990);
INSERT INTO match (Team_1, Team_2, Date, Year) VALUES (254, 263, '1990-06-23', 1990);
INSERT INTO match (Team_1, Team_2, Date, Year) VALUES (253, 264, '1990-06-23', 1990);
INSERT INTO match (Team_1, Team_2, Date, Year) VALUES (258, 257, '1990-06-21', 1990);
INSERT INTO match (Team_1, Team_2, Date, Year) VALUES (265, 260, '1990-06-21', 1990);
INSERT INTO match (Team_1, Team_2, Date, Year) VALUES (256, 262, '1990-06-21', 1990);
INSERT INTO match (Team_1, Team_2, Date, Year) VALUES (252, 266, '1990-06-21', 1990);
INSERT INTO match (Team_1, Team_2, Date, Year) VALUES (267, 264, '1990-06-20', 1990);
INSERT INTO match (Team_1, Team_2, Date, Year) VALUES (261, 268, '1990-06-20', 1990);
INSERT INTO match (Team_1, Team_2, Date, Year) VALUES (249, 263, '1990-06-19', 1990);
INSERT INTO match (Team_1, Team_2, Date, Year) VALUES (255, 269, '1990-06-19', 1990);
INSERT INTO match (Team_1, Team_2, Date, Year) VALUES (270, 271, '1990-06-19', 1990);
INSERT INTO match (Team_1, Team_2, Date, Year) VALUES (251, 253, '1990-06-19', 1990);
INSERT INTO match (Team_1, Team_2, Date, Year) VALUES (250, 259, '1990-06-18', 1990);
INSERT INTO match (Team_1, Team_2, Date, Year) VALUES (254, 272, '1990-06-18', 1990);
INSERT INTO match (Team_1, Team_2, Date, Year) VALUES (256, 266, '1990-06-17', 1990);
INSERT INTO match (Team_1, Team_2, Date, Year) VALUES (258, 260, '1990-06-17', 1990);
INSERT INTO match (Team_1, Team_2, Date, Year) VALUES (265, 257, '1990-06-17', 1990);
INSERT INTO match (Team_1, Team_2, Date, Year) VALUES (261, 264, '1990-06-16', 1990);
INSERT INTO match (Team_1, Team_2, Date, Year) VALUES (252, 262, '1990-06-16', 1990);
INSERT INTO match (Team_1, Team_2, Date, Year) VALUES (267, 268, '1990-06-16', 1990);
INSERT INTO match (Team_1, Team_2, Date, Year) VALUES (270, 253, '1990-06-15', 1990);
INSERT INTO match (Team_1, Team_2, Date, Year) VALUES (249, 269, '1990-06-15', 1990);
INSERT INTO match (Team_1, Team_2, Date, Year) VALUES (255, 263, '1990-06-14', 1990);
INSERT INTO match (Team_1, Team_2, Date, Year) VALUES (254, 259, '1990-06-14', 1990);
INSERT INTO match (Team_1, Team_2, Date, Year) VALUES (251, 271, '1990-06-14', 1990);
INSERT INTO match (Team_1, Team_2, Date, Year) VALUES (260, 257, '1990-06-13', 1990);
INSERT INTO match (Team_1, Team_2, Date, Year) VALUES (250, 272, '1990-06-13', 1990);
INSERT INTO match (Team_1, Team_2, Date, Year) VALUES (258, 265, '1990-06-12', 1990);
INSERT INTO match (Team_1, Team_2, Date, Year) VALUES (262, 266, '1990-06-12', 1990);
INSERT INTO match (Team_1, Team_2, Date, Year) VALUES (264, 268, '1990-06-11', 1990);
INSERT INTO match (Team_1, Team_2, Date, Year) VALUES (252, 256, '1990-06-11', 1990);
INSERT INTO match (Team_1, Team_2, Date, Year) VALUES (271, 253, '1990-06-10', 1990);
INSERT INTO match (Team_1, Team_2, Date, Year) VALUES (249, 255, '1990-06-10', 1990);
INSERT INTO match (Team_1, Team_2, Date, Year) VALUES (261, 267, '1990-06-10', 1990);
INSERT INTO match (Team_1, Team_2, Date, Year) VALUES (269, 263, '1990-06-09', 1990);
INSERT INTO match (Team_1, Team_2, Date, Year) VALUES (272, 259, '1990-06-09', 1990);
INSERT INTO match (Team_1, Team_2, Date, Year) VALUES (251, 270, '1990-06-09', 1990);
INSERT INTO match (Team_1, Team_2, Date, Year) VALUES (250, 254, '1990-06-08', 1990);
INSERT INTO match (Team_1, Team_2, Date, Year) VALUES (273, 274, '1986-06-29', 1986);
INSERT INTO match (Team_1, Team_2, Date, Year) VALUES (275, 276, '1986-06-28', 1986);
INSERT INTO match (Team_1, Team_2, Date, Year) VALUES (275, 274, '1986-06-25', 1986);
INSERT INTO match (Team_1, Team_2, Date, Year) VALUES (273, 276, '1986-06-25', 1986);
INSERT INTO match (Team_1, Team_2, Date, Year) VALUES (273, 277, '1986-06-22', 1986);
INSERT INTO match (Team_1, Team_2, Date, Year) VALUES (278, 276, '1986-06-22', 1986);
INSERT INTO match (Team_1, Team_2, Date, Year) VALUES (279, 275, '1986-06-21', 1986);
INSERT INTO match (Team_1, Team_2, Date, Year) VALUES (274, 280, '1986-06-21', 1986);
INSERT INTO match (Team_1, Team_2, Date, Year) VALUES (277, 281, '1986-06-18', 1986);
INSERT INTO match (Team_1, Team_2, Date, Year) VALUES (282, 278, '1986-06-18', 1986);
INSERT INTO match (Team_1, Team_2, Date, Year) VALUES (283, 275, '1986-06-17', 1986);
INSERT INTO match (Team_1, Team_2, Date, Year) VALUES (284, 274, '1986-06-17', 1986);
INSERT INTO match (Team_1, Team_2, Date, Year) VALUES (279, 285, '1986-06-16', 1986);
INSERT INTO match (Team_1, Team_2, Date, Year) VALUES (273, 286, '1986-06-16', 1986);
INSERT INTO match (Team_1, Team_2, Date, Year) VALUES (280, 287, '1986-06-15', 1986);
INSERT INTO match (Team_1, Team_2, Date, Year) VALUES (288, 276, '1986-06-15', 1986);
INSERT INTO match (Team_1, Team_2, Date, Year) VALUES (289, 286, '1986-06-13', 1986);
INSERT INTO match (Team_1, Team_2, Date, Year) VALUES (282, 274, '1986-06-13', 1986);
INSERT INTO match (Team_1, Team_2, Date, Year) VALUES (290, 278, '1986-06-12', 1986);
INSERT INTO match (Team_1, Team_2, Date, Year) VALUES (291, 279, '1986-06-12', 1986);
INSERT INTO match (Team_1, Team_2, Date, Year) VALUES (281, 276, '1986-06-11', 1986);
INSERT INTO match (Team_1, Team_2, Date, Year) VALUES (292, 280, '1986-06-11', 1986);
INSERT INTO match (Team_1, Team_2, Date, Year) VALUES (277, 285, '1986-06-11', 1986);
INSERT INTO match (Team_1, Team_2, Date, Year) VALUES (293, 284, '1986-06-11', 1986);
INSERT INTO match (Team_1, Team_2, Date, Year) VALUES (273, 287, '1986-06-10', 1986);
INSERT INTO match (Team_1, Team_2, Date, Year) VALUES (294, 283, '1986-06-10', 1986);
INSERT INTO match (Team_1, Team_2, Date, Year) VALUES (288, 295, '1986-06-09', 1986);
INSERT INTO match (Team_1, Team_2, Date, Year) VALUES (296, 275, '1986-06-09', 1986);
INSERT INTO match (Team_1, Team_2, Date, Year) VALUES (274, 289, '1986-06-08', 1986);
INSERT INTO match (Team_1, Team_2, Date, Year) VALUES (292, 276, '1986-06-08', 1986);
INSERT INTO match (Team_1, Team_2, Date, Year) VALUES (282, 286, '1986-06-08', 1986);
INSERT INTO match (Team_1, Team_2, Date, Year) VALUES (280, 281, '1986-06-07', 1986);
INSERT INTO match (Team_1, Team_2, Date, Year) VALUES (291, 278, '1986-06-07', 1986);
INSERT INTO match (Team_1, Team_2, Date, Year) VALUES (285, 293, '1986-06-07', 1986);
INSERT INTO match (Team_1, Team_2, Date, Year) VALUES (279, 290, '1986-06-06', 1986);
INSERT INTO match (Team_1, Team_2, Date, Year) VALUES (296, 295, '1986-06-06', 1986);
INSERT INTO match (Team_1, Team_2, Date, Year) VALUES (277, 284, '1986-06-06', 1986);
INSERT INTO match (Team_1, Team_2, Date, Year) VALUES (283, 273, '1986-06-05', 1986);
INSERT INTO match (Team_1, Team_2, Date, Year) VALUES (275, 288, '1986-06-05', 1986);
INSERT INTO match (Team_1, Team_2, Date, Year) VALUES (294, 287, '1986-06-05', 1986);
INSERT INTO match (Team_1, Team_2, Date, Year) VALUES (281, 292, '1986-06-04', 1986);
INSERT INTO match (Team_1, Team_2, Date, Year) VALUES (286, 274, '1986-06-04', 1986);
INSERT INTO match (Team_1, Team_2, Date, Year) VALUES (289, 282, '1986-06-04', 1986);
INSERT INTO match (Team_1, Team_2, Date, Year) VALUES (276, 280, '1986-06-03', 1986);
INSERT INTO match (Team_1, Team_2, Date, Year) VALUES (290, 291, '1986-06-03', 1986);
INSERT INTO match (Team_1, Team_2, Date, Year) VALUES (293, 277, '1986-06-03', 1986);
INSERT INTO match (Team_1, Team_2, Date, Year) VALUES (288, 296, '1986-06-02', 1986);
INSERT INTO match (Team_1, Team_2, Date, Year) VALUES (273, 294, '1986-06-02', 1986);
INSERT INTO match (Team_1, Team_2, Date, Year) VALUES (284, 285, '1986-06-02', 1986);
INSERT INTO match (Team_1, Team_2, Date, Year) VALUES (278, 279, '1986-06-01', 1986);
INSERT INTO match (Team_1, Team_2, Date, Year) VALUES (295, 275, '1986-06-01', 1986);
INSERT INTO match (Team_1, Team_2, Date, Year) VALUES (287, 283, '1986-05-31', 1986);
INSERT INTO match (Team_1, Team_2, Date, Year) VALUES (297, 298, '1982-07-11', 1982);
INSERT INTO match (Team_1, Team_2, Date, Year) VALUES (299, 300, '1982-07-10', 1982);
INSERT INTO match (Team_1, Team_2, Date, Year) VALUES (299, 297, '1982-07-08', 1982);
INSERT INTO match (Team_1, Team_2, Date, Year) VALUES (298, 300, '1982-07-08', 1982);
INSERT INTO match (Team_1, Team_2, Date, Year) VALUES (297, 301, '1982-07-05', 1982);
INSERT INTO match (Team_1, Team_2, Date, Year) VALUES (302, 303, '1982-07-05', 1982);
INSERT INTO match (Team_1, Team_2, Date, Year) VALUES (300, 304, '1982-07-04', 1982);
INSERT INTO match (Team_1, Team_2, Date, Year) VALUES (299, 305, '1982-07-04', 1982);
INSERT INTO match (Team_1, Team_2, Date, Year) VALUES (306, 301, '1982-07-02', 1982);
INSERT INTO match (Team_1, Team_2, Date, Year) VALUES (298, 302, '1982-07-02', 1982);
INSERT INTO match (Team_1, Team_2, Date, Year) VALUES (307, 304, '1982-07-01', 1982);
INSERT INTO match (Team_1, Team_2, Date, Year) VALUES (308, 305, '1982-07-01', 1982);
INSERT INTO match (Team_1, Team_2, Date, Year) VALUES (297, 306, '1982-06-29', 1982);
INSERT INTO match (Team_1, Team_2, Date, Year) VALUES (298, 303, '1982-06-29', 1982);
INSERT INTO match (Team_1, Team_2, Date, Year) VALUES (307, 300, '1982-06-28', 1982);
INSERT INTO match (Team_1, Team_2, Date, Year) VALUES (299, 308, '1982-06-28', 1982);
INSERT INTO match (Team_1, Team_2, Date, Year) VALUES (303, 309, '1982-06-25', 1982);
INSERT INTO match (Team_1, Team_2, Date, Year) VALUES (298, 307, '1982-06-25', 1982);
INSERT INTO match (Team_1, Team_2, Date, Year) VALUES (304, 302, '1982-06-25', 1982);
INSERT INTO match (Team_1, Team_2, Date, Year) VALUES (300, 310, '1982-06-24', 1982);
INSERT INTO match (Team_1, Team_2, Date, Year) VALUES (311, 312, '1982-06-24', 1982);
INSERT INTO match (Team_1, Team_2, Date, Year) VALUES (313, 314, '1982-06-24', 1982);
INSERT INTO match (Team_1, Team_2, Date, Year) VALUES (297, 315, '1982-06-23', 1982);
INSERT INTO match (Team_1, Team_2, Date, Year) VALUES (306, 316, '1982-06-23', 1982);
INSERT INTO match (Team_1, Team_2, Date, Year) VALUES (301, 317, '1982-06-23', 1982);
INSERT INTO match (Team_1, Team_2, Date, Year) VALUES (299, 318, '1982-06-22', 1982);
INSERT INTO match (Team_1, Team_2, Date, Year) VALUES (308, 319, '1982-06-22', 1982);
INSERT INTO match (Team_1, Team_2, Date, Year) VALUES (305, 320, '1982-06-22', 1982);
INSERT INTO match (Team_1, Team_2, Date, Year) VALUES (311, 307, '1982-06-21', 1982);
INSERT INTO match (Team_1, Team_2, Date, Year) VALUES (300, 309, '1982-06-21', 1982);
INSERT INTO match (Team_1, Team_2, Date, Year) VALUES (313, 304, '1982-06-21', 1982);
INSERT INTO match (Team_1, Team_2, Date, Year) VALUES (298, 312, '1982-06-20', 1982);
INSERT INTO match (Team_1, Team_2, Date, Year) VALUES (303, 310, '1982-06-20', 1982);
INSERT INTO match (Team_1, Team_2, Date, Year) VALUES (302, 314, '1982-06-20', 1982);
INSERT INTO match (Team_1, Team_2, Date, Year) VALUES (299, 315, '1982-06-19', 1982);
INSERT INTO match (Team_1, Team_2, Date, Year) VALUES (305, 317, '1982-06-19', 1982);
INSERT INTO match (Team_1, Team_2, Date, Year) VALUES (308, 316, '1982-06-19', 1982);
INSERT INTO match (Team_1, Team_2, Date, Year) VALUES (297, 318, '1982-06-18', 1982);
INSERT INTO match (Team_1, Team_2, Date, Year) VALUES (301, 320, '1982-06-18', 1982);
INSERT INTO match (Team_1, Team_2, Date, Year) VALUES (306, 319, '1982-06-18', 1982);
INSERT INTO match (Team_1, Team_2, Date, Year) VALUES (312, 307, '1982-06-17', 1982);
INSERT INTO match (Team_1, Team_2, Date, Year) VALUES (310, 309, '1982-06-17', 1982);
INSERT INTO match (Team_1, Team_2, Date, Year) VALUES (314, 304, '1982-06-17', 1982);
INSERT INTO match (Team_1, Team_2, Date, Year) VALUES (303, 300, '1982-06-16', 1982);
INSERT INTO match (Team_1, Team_2, Date, Year) VALUES (298, 311, '1982-06-16', 1982);
INSERT INTO match (Team_1, Team_2, Date, Year) VALUES (302, 313, '1982-06-16', 1982);
INSERT INTO match (Team_1, Team_2, Date, Year) VALUES (318, 315, '1982-06-15', 1982);
INSERT INTO match (Team_1, Team_2, Date, Year) VALUES (319, 316, '1982-06-15', 1982);
INSERT INTO match (Team_1, Team_2, Date, Year) VALUES (320, 317, '1982-06-15', 1982);
INSERT INTO match (Team_1, Team_2, Date, Year) VALUES (297, 299, '1982-06-14', 1982);
INSERT INTO match (Team_1, Team_2, Date, Year) VALUES (301, 305, '1982-06-14', 1982);
INSERT INTO match (Team_1, Team_2, Date, Year) VALUES (306, 308, '1982-06-13', 1982);
INSERT INTO match (Team_1, Team_2, Date, Year) VALUES (321, 322, '1978-06-25', 1978);
INSERT INTO match (Team_1, Team_2, Date, Year) VALUES (323, 324, '1978-06-24', 1978);
INSERT INTO match (Team_1, Team_2, Date, Year) VALUES (322, 324, '1978-06-21', 1978);
INSERT INTO match (Team_1, Team_2, Date, Year) VALUES (325, 326, '1978-06-21', 1978);
INSERT INTO match (Team_1, Team_2, Date, Year) VALUES (323, 327, '1978-06-21', 1978);
INSERT INTO match (Team_1, Team_2, Date, Year) VALUES (321, 328, '1978-06-21', 1978);
INSERT INTO match (Team_1, Team_2, Date, Year) VALUES (327, 328, '1978-06-18', 1978);
INSERT INTO match (Team_1, Team_2, Date, Year) VALUES (326, 322, '1978-06-18', 1978);
INSERT INTO match (Team_1, Team_2, Date, Year) VALUES (324, 325, '1978-06-18', 1978);
INSERT INTO match (Team_1, Team_2, Date, Year) VALUES (321, 323, '1978-06-18', 1978);
INSERT INTO match (Team_1, Team_2, Date, Year) VALUES (322, 325, '1978-06-14', 1978);
INSERT INTO match (Team_1, Team_2, Date, Year) VALUES (326, 324, '1978-06-14', 1978);
INSERT INTO match (Team_1, Team_2, Date, Year) VALUES (323, 328, '1978-06-14', 1978);
INSERT INTO match (Team_1, Team_2, Date, Year) VALUES (321, 327, '1978-06-14', 1978);
INSERT INTO match (Team_1, Team_2, Date, Year) VALUES (323, 325, '1978-06-11', 1978);
INSERT INTO match (Team_1, Team_2, Date, Year) VALUES (329, 330, '1978-06-11', 1978);
INSERT INTO match (Team_1, Team_2, Date, Year) VALUES (328, 331, '1978-06-11', 1978);
INSERT INTO match (Team_1, Team_2, Date, Year) VALUES (332, 322, '1978-06-11', 1978);
INSERT INTO match (Team_1, Team_2, Date, Year) VALUES (333, 334, '1978-06-10', 1978);
INSERT INTO match (Team_1, Team_2, Date, Year) VALUES (327, 335, '1978-06-10', 1978);
INSERT INTO match (Team_1, Team_2, Date, Year) VALUES (326, 336, '1978-06-10', 1978);
INSERT INTO match (Team_1, Team_2, Date, Year) VALUES (324, 321, '1978-06-10', 1978);
INSERT INTO match (Team_1, Team_2, Date, Year) VALUES (325, 330, '1978-06-07', 1978);
INSERT INTO match (Team_1, Team_2, Date, Year) VALUES (323, 329, '1978-06-07', 1978);
INSERT INTO match (Team_1, Team_2, Date, Year) VALUES (322, 328, '1978-06-07', 1978);
INSERT INTO match (Team_1, Team_2, Date, Year) VALUES (332, 331, '1978-06-07', 1978);
INSERT INTO match (Team_1, Team_2, Date, Year) VALUES (324, 334, '1978-06-06', 1978);
INSERT INTO match (Team_1, Team_2, Date, Year) VALUES (326, 335, '1978-06-06', 1978);
INSERT INTO match (Team_1, Team_2, Date, Year) VALUES (327, 336, '1978-06-06', 1978);
INSERT INTO match (Team_1, Team_2, Date, Year) VALUES (321, 333, '1978-06-06', 1978);
INSERT INTO match (Team_1, Team_2, Date, Year) VALUES (330, 323, '1978-06-03', 1978);
INSERT INTO match (Team_1, Team_2, Date, Year) VALUES (325, 329, '1978-06-03', 1978);
INSERT INTO match (Team_1, Team_2, Date, Year) VALUES (328, 332, '1978-06-03', 1978);
INSERT INTO match (Team_1, Team_2, Date, Year) VALUES (322, 331, '1978-06-03', 1978);
INSERT INTO match (Team_1, Team_2, Date, Year) VALUES (324, 333, '1978-06-02', 1978);
INSERT INTO match (Team_1, Team_2, Date, Year) VALUES (336, 335, '1978-06-02', 1978);
INSERT INTO match (Team_1, Team_2, Date, Year) VALUES (321, 334, '1978-06-02', 1978);
INSERT INTO match (Team_1, Team_2, Date, Year) VALUES (326, 327, '1978-06-01', 1978);
INSERT INTO match (Team_1, Team_2, Date, Year) VALUES (337, 338, '1974-07-07', 1974);
INSERT INTO match (Team_1, Team_2, Date, Year) VALUES (339, 340, '1974-07-06', 1974);
INSERT INTO match (Team_1, Team_2, Date, Year) VALUES (340, 338, '1974-07-03', 1974);
INSERT INTO match (Team_1, Team_2, Date, Year) VALUES (337, 339, '1974-07-03', 1974);
INSERT INTO match (Team_1, Team_2, Date, Year) VALUES (341, 338, '1974-07-03', 1974);
INSERT INTO match (Team_1, Team_2, Date, Year) VALUES (342, 343, '1974-07-03', 1974);
INSERT INTO match (Team_1, Team_2, Date, Year) VALUES (340, 343, '1974-06-30', 1974);
INSERT INTO match (Team_1, Team_2, Date, Year) VALUES (341, 339, '1974-06-30', 1974);
INSERT INTO match (Team_1, Team_2, Date, Year) VALUES (338, 337, '1974-06-30', 1974);
INSERT INTO match (Team_1, Team_2, Date, Year) VALUES (338, 342, '1974-06-30', 1974);
INSERT INTO match (Team_1, Team_2, Date, Year) VALUES (343, 338, '1974-06-26', 1974);
INSERT INTO match (Team_1, Team_2, Date, Year) VALUES (339, 338, '1974-06-26', 1974);
INSERT INTO match (Team_1, Team_2, Date, Year) VALUES (342, 340, '1974-06-26', 1974);
INSERT INTO match (Team_1, Team_2, Date, Year) VALUES (337, 341, '1974-06-26', 1974);
INSERT INTO match (Team_1, Team_2, Date, Year) VALUES (344, 337, '1974-06-23', 1974);
INSERT INTO match (Team_1, Team_2, Date, Year) VALUES (340, 345, '1974-06-23', 1974);
INSERT INTO match (Team_1, Team_2, Date, Year) VALUES (342, 346, '1974-06-23', 1974);
INSERT INTO match (Team_1, Team_2, Date, Year) VALUES (341, 347, '1974-06-23', 1974);
INSERT INTO match (Team_1, Team_2, Date, Year) VALUES (348, 343, '1974-06-22', 1974);
INSERT INTO match (Team_1, Team_2, Date, Year) VALUES (349, 350, '1974-06-22', 1974);
INSERT INTO match (Team_1, Team_2, Date, Year) VALUES (351, 339, '1974-06-22', 1974);
INSERT INTO match (Team_1, Team_2, Date, Year) VALUES (338, 339, '1974-06-22', 1974);
INSERT INTO match (Team_1, Team_2, Date, Year) VALUES (347, 340, '1974-06-19', 1974);
INSERT INTO match (Team_1, Team_2, Date, Year) VALUES (344, 346, '1974-06-19', 1974);
INSERT INTO match (Team_1, Team_2, Date, Year) VALUES (337, 342, '1974-06-19', 1974);
INSERT INTO match (Team_1, Team_2, Date, Year) VALUES (341, 345, '1974-06-19', 1974);
INSERT INTO match (Team_1, Team_2, Date, Year) VALUES (349, 338, '1974-06-18', 1974);
INSERT INTO match (Team_1, Team_2, Date, Year) VALUES (343, 351, '1974-06-18', 1974);
INSERT INTO match (Team_1, Team_2, Date, Year) VALUES (350, 338, '1974-06-18', 1974);
INSERT INTO match (Team_1, Team_2, Date, Year) VALUES (348, 339, '1974-06-18', 1974);
INSERT INTO match (Team_1, Team_2, Date, Year) VALUES (346, 337, '1974-06-15', 1974);
INSERT INTO match (Team_1, Team_2, Date, Year) VALUES (342, 344, '1974-06-15', 1974);
INSERT INTO match (Team_1, Team_2, Date, Year) VALUES (345, 347, '1974-06-15', 1974);
INSERT INTO match (Team_1, Team_2, Date, Year) VALUES (340, 341, '1974-06-15', 1974);
INSERT INTO match (Team_1, Team_2, Date, Year) VALUES (338, 350, '1974-06-14', 1974);
INSERT INTO match (Team_1, Team_2, Date, Year) VALUES (338, 349, '1974-06-14', 1974);
INSERT INTO match (Team_1, Team_2, Date, Year) VALUES (351, 348, '1974-06-14', 1974);
INSERT INTO match (Team_1, Team_2, Date, Year) VALUES (339, 343, '1974-06-13', 1974);
INSERT INTO match (Team_1, Team_2, Date, Year) VALUES (352, 353, '1970-06-21', 1970);
INSERT INTO match (Team_1, Team_2, Date, Year) VALUES (354, 355, '1970-06-20', 1970);
INSERT INTO match (Team_1, Team_2, Date, Year) VALUES (353, 354, '1970-06-17', 1970);
INSERT INTO match (Team_1, Team_2, Date, Year) VALUES (352, 355, '1970-06-17', 1970);
INSERT INTO match (Team_1, Team_2, Date, Year) VALUES (352, 356, '1970-06-14', 1970);
INSERT INTO match (Team_1, Team_2, Date, Year) VALUES (353, 357, '1970-06-14', 1970);
INSERT INTO match (Team_1, Team_2, Date, Year) VALUES (355, 358, '1970-06-14', 1970);
INSERT INTO match (Team_1, Team_2, Date, Year) VALUES (354, 359, '1970-06-14', 1970);
INSERT INTO match (Team_1, Team_2, Date, Year) VALUES (357, 360, '1970-06-11', 1970);
INSERT INTO match (Team_1, Team_2, Date, Year) VALUES (353, 361, '1970-06-11', 1970);
INSERT INTO match (Team_1, Team_2, Date, Year) VALUES (362, 363, '1970-06-11', 1970);
INSERT INTO match (Team_1, Team_2, Date, Year) VALUES (359, 364, '1970-06-11', 1970);
INSERT INTO match (Team_1, Team_2, Date, Year) VALUES (354, 356, '1970-06-10', 1970);
INSERT INTO match (Team_1, Team_2, Date, Year) VALUES (352, 365, '1970-06-10', 1970);
INSERT INTO match (Team_1, Team_2, Date, Year) VALUES (366, 355, '1970-06-10', 1970);
INSERT INTO match (Team_1, Team_2, Date, Year) VALUES (358, 367, '1970-06-10', 1970);
INSERT INTO match (Team_1, Team_2, Date, Year) VALUES (357, 367, '1970-06-07', 1970);
INSERT INTO match (Team_1, Team_2, Date, Year) VALUES (352, 359, '1970-06-07', 1970);
INSERT INTO match (Team_1, Team_2, Date, Year) VALUES (354, 362, '1970-06-07', 1970);
INSERT INTO match (Team_1, Team_2, Date, Year) VALUES (366, 361, '1970-06-07', 1970);
INSERT INTO match (Team_1, Team_2, Date, Year) VALUES (365, 364, '1970-06-06', 1970);
INSERT INTO match (Team_1, Team_2, Date, Year) VALUES (355, 353, '1970-06-06', 1970);
INSERT INTO match (Team_1, Team_2, Date, Year) VALUES (358, 360, '1970-06-06', 1970);
INSERT INTO match (Team_1, Team_2, Date, Year) VALUES (356, 363, '1970-06-06', 1970);
INSERT INTO match (Team_1, Team_2, Date, Year) VALUES (360, 367, '1970-06-03', 1970);
INSERT INTO match (Team_1, Team_2, Date, Year) VALUES (352, 364, '1970-06-03', 1970);
INSERT INTO match (Team_1, Team_2, Date, Year) VALUES (353, 366, '1970-06-03', 1970);
INSERT INTO match (Team_1, Team_2, Date, Year) VALUES (354, 363, '1970-06-03', 1970);
INSERT INTO match (Team_1, Team_2, Date, Year) VALUES (359, 365, '1970-06-02', 1970);
INSERT INTO match (Team_1, Team_2, Date, Year) VALUES (356, 362, '1970-06-02', 1970);
INSERT INTO match (Team_1, Team_2, Date, Year) VALUES (355, 361, '1970-06-02', 1970);
INSERT INTO match (Team_1, Team_2, Date, Year) VALUES (357, 358, '1970-05-31', 1970);
INSERT INTO match (Team_1, Team_2, Date, Year) VALUES (368, 369, '1966-07-30', 1966);
INSERT INTO match (Team_1, Team_2, Date, Year) VALUES (370, 371, '1966-07-28', 1966);
INSERT INTO match (Team_1, Team_2, Date, Year) VALUES (368, 370, '1966-07-26', 1966);
INSERT INTO match (Team_1, Team_2, Date, Year) VALUES (369, 371, '1966-07-25', 1966);
INSERT INTO match (Team_1, Team_2, Date, Year) VALUES (370, 372, '1966-07-23', 1966);
INSERT INTO match (Team_1, Team_2, Date, Year) VALUES (368, 373, '1966-07-23', 1966);
INSERT INTO match (Team_1, Team_2, Date, Year) VALUES (371, 374, '1966-07-23', 1966);
INSERT INTO match (Team_1, Team_2, Date, Year) VALUES (369, 375, '1966-07-23', 1966);
INSERT INTO match (Team_1, Team_2, Date, Year) VALUES (368, 376, '1966-07-20', 1966);
INSERT INTO match (Team_1, Team_2, Date, Year) VALUES (374, 377, '1966-07-20', 1966);
INSERT INTO match (Team_1, Team_2, Date, Year) VALUES (369, 378, '1966-07-20', 1966);
INSERT INTO match (Team_1, Team_2, Date, Year) VALUES (371, 379, '1966-07-20', 1966);
INSERT INTO match (Team_1, Team_2, Date, Year) VALUES (375, 380, '1966-07-19', 1966);
INSERT INTO match (Team_1, Team_2, Date, Year) VALUES (373, 381, '1966-07-19', 1966);
INSERT INTO match (Team_1, Team_2, Date, Year) VALUES (370, 382, '1966-07-19', 1966);
INSERT INTO match (Team_1, Team_2, Date, Year) VALUES (372, 383, '1966-07-19', 1966);
INSERT INTO match (Team_1, Team_2, Date, Year) VALUES (369, 373, '1966-07-16', 1966);
INSERT INTO match (Team_1, Team_2, Date, Year) VALUES (371, 383, '1966-07-16', 1966);
INSERT INTO match (Team_1, Team_2, Date, Year) VALUES (370, 377, '1966-07-16', 1966);
INSERT INTO match (Team_1, Team_2, Date, Year) VALUES (368, 380, '1966-07-16', 1966);
INSERT INTO match (Team_1, Team_2, Date, Year) VALUES (378, 381, '1966-07-15', 1966);
INSERT INTO match (Team_1, Team_2, Date, Year) VALUES (375, 376, '1966-07-15', 1966);
INSERT INTO match (Team_1, Team_2, Date, Year) VALUES (374, 382, '1966-07-15', 1966);
INSERT INTO match (Team_1, Team_2, Date, Year) VALUES (372, 379, '1966-07-15', 1966);
INSERT INTO match (Team_1, Team_2, Date, Year) VALUES (373, 378, '1966-07-13', 1966);
INSERT INTO match (Team_1, Team_2, Date, Year) VALUES (376, 380, '1966-07-13', 1966);
INSERT INTO match (Team_1, Team_2, Date, Year) VALUES (383, 379, '1966-07-13', 1966);
INSERT INTO match (Team_1, Team_2, Date, Year) VALUES (370, 374, '1966-07-13', 1966);
INSERT INTO match (Team_1, Team_2, Date, Year) VALUES (382, 377, '1966-07-12', 1966);
INSERT INTO match (Team_1, Team_2, Date, Year) VALUES (371, 372, '1966-07-12', 1966);
INSERT INTO match (Team_1, Team_2, Date, Year) VALUES (369, 381, '1966-07-12', 1966);
INSERT INTO match (Team_1, Team_2, Date, Year) VALUES (368, 375, '1966-07-11', 1966);
INSERT INTO match (Team_1, Team_2, Date, Year) VALUES (384, 385, '1962-06-17', 1962);
INSERT INTO match (Team_1, Team_2, Date, Year) VALUES (386, 387, '1962-06-16', 1962);
INSERT INTO match (Team_1, Team_2, Date, Year) VALUES (384, 386, '1962-06-13', 1962);
INSERT INTO match (Team_1, Team_2, Date, Year) VALUES (385, 387, '1962-06-13', 1962);
INSERT INTO match (Team_1, Team_2, Date, Year) VALUES (386, 388, '1962-06-10', 1962);
INSERT INTO match (Team_1, Team_2, Date, Year) VALUES (384, 389, '1962-06-10', 1962);
INSERT INTO match (Team_1, Team_2, Date, Year) VALUES (385, 390, '1962-06-10', 1962);
INSERT INTO match (Team_1, Team_2, Date, Year) VALUES (387, 391, '1962-06-10', 1962);
INSERT INTO match (Team_1, Team_2, Date, Year) VALUES (389, 392, '1962-06-07', 1962);
INSERT INTO match (Team_1, Team_2, Date, Year) VALUES (393, 385, '1962-06-07', 1962);
INSERT INTO match (Team_1, Team_2, Date, Year) VALUES (394, 395, '1962-06-07', 1962);
INSERT INTO match (Team_1, Team_2, Date, Year) VALUES (387, 396, '1962-06-07', 1962);
INSERT INTO match (Team_1, Team_2, Date, Year) VALUES (391, 386, '1962-06-06', 1962);
INSERT INTO match (Team_1, Team_2, Date, Year) VALUES (388, 397, '1962-06-06', 1962);
INSERT INTO match (Team_1, Team_2, Date, Year) VALUES (390, 398, '1962-06-06', 1962);
INSERT INTO match (Team_1, Team_2, Date, Year) VALUES (384, 399, '1962-06-06', 1962);
INSERT INTO match (Team_1, Team_2, Date, Year) VALUES (399, 393, '1962-06-03', 1962);
INSERT INTO match (Team_1, Team_2, Date, Year) VALUES (388, 396, '1962-06-03', 1962);
INSERT INTO match (Team_1, Team_2, Date, Year) VALUES (390, 392, '1962-06-03', 1962);
INSERT INTO match (Team_1, Team_2, Date, Year) VALUES (391, 395, '1962-06-03', 1962);
INSERT INTO match (Team_1, Team_2, Date, Year) VALUES (386, 394, '1962-06-02', 1962);
INSERT INTO match (Team_1, Team_2, Date, Year) VALUES (384, 385, '1962-06-02', 1962);
INSERT INTO match (Team_1, Team_2, Date, Year) VALUES (389, 398, '1962-06-02', 1962);
INSERT INTO match (Team_1, Team_2, Date, Year) VALUES (387, 397, '1962-06-02', 1962);
INSERT INTO match (Team_1, Team_2, Date, Year) VALUES (391, 394, '1962-05-31', 1962);
INSERT INTO match (Team_1, Team_2, Date, Year) VALUES (390, 389, '1962-05-31', 1962);
INSERT INTO match (Team_1, Team_2, Date, Year) VALUES (385, 399, '1962-05-31', 1962);
INSERT INTO match (Team_1, Team_2, Date, Year) VALUES (388, 387, '1962-05-31', 1962);
INSERT INTO match (Team_1, Team_2, Date, Year) VALUES (386, 395, '1962-05-30', 1962);
INSERT INTO match (Team_1, Team_2, Date, Year) VALUES (397, 396, '1962-05-30', 1962);
INSERT INTO match (Team_1, Team_2, Date, Year) VALUES (384, 393, '1962-05-30', 1962);
INSERT INTO match (Team_1, Team_2, Date, Year) VALUES (398, 392, '1962-05-30', 1962);
INSERT INTO match (Team_1, Team_2, Date, Year) VALUES (400, 401, '1958-06-29', 1958);
INSERT INTO match (Team_1, Team_2, Date, Year) VALUES (402, 403, '1958-06-28', 1958);
INSERT INTO match (Team_1, Team_2, Date, Year) VALUES (401, 403, '1958-06-24', 1958);
INSERT INTO match (Team_1, Team_2, Date, Year) VALUES (400, 402, '1958-06-24', 1958);
INSERT INTO match (Team_1, Team_2, Date, Year) VALUES (402, 404, '1958-06-19', 1958);
INSERT INTO match (Team_1, Team_2, Date, Year) VALUES (403, 405, '1958-06-19', 1958);
INSERT INTO match (Team_1, Team_2, Date, Year) VALUES (400, 406, '1958-06-19', 1958);
INSERT INTO match (Team_1, Team_2, Date, Year) VALUES (401, 407, '1958-06-19', 1958);
INSERT INTO match (Team_1, Team_2, Date, Year) VALUES (404, 408, '1958-06-17', 1958);
INSERT INTO match (Team_1, Team_2, Date, Year) VALUES (406, 409, '1958-06-17', 1958);
INSERT INTO match (Team_1, Team_2, Date, Year) VALUES (407, 410, '1958-06-17', 1958);
INSERT INTO match (Team_1, Team_2, Date, Year) VALUES (401, 406, '1958-06-15', 1958);
INSERT INTO match (Team_1, Team_2, Date, Year) VALUES (411, 405, '1958-06-15', 1958);
INSERT INTO match (Team_1, Team_2, Date, Year) VALUES (403, 404, '1958-06-15', 1958);
INSERT INTO match (Team_1, Team_2, Date, Year) VALUES (408, 412, '1958-06-15', 1958);
INSERT INTO match (Team_1, Team_2, Date, Year) VALUES (410, 413, '1958-06-15', 1958);
INSERT INTO match (Team_1, Team_2, Date, Year) VALUES (400, 407, '1958-06-15', 1958);
INSERT INTO match (Team_1, Team_2, Date, Year) VALUES (409, 414, '1958-06-15', 1958);
INSERT INTO match (Team_1, Team_2, Date, Year) VALUES (402, 415, '1958-06-15', 1958);
INSERT INTO match (Team_1, Team_2, Date, Year) VALUES (401, 409, '1958-06-12', 1958);
INSERT INTO match (Team_1, Team_2, Date, Year) VALUES (407, 413, '1958-06-11', 1958);
INSERT INTO match (Team_1, Team_2, Date, Year) VALUES (403, 408, '1958-06-11', 1958);
INSERT INTO match (Team_1, Team_2, Date, Year) VALUES (412, 404, '1958-06-11', 1958);
INSERT INTO match (Team_1, Team_2, Date, Year) VALUES (405, 402, '1958-06-11', 1958);
INSERT INTO match (Team_1, Team_2, Date, Year) VALUES (411, 415, '1958-06-11', 1958);
INSERT INTO match (Team_1, Team_2, Date, Year) VALUES (400, 410, '1958-06-11', 1958);
INSERT INTO match (Team_1, Team_2, Date, Year) VALUES (414, 406, '1958-06-11', 1958);
INSERT INTO match (Team_1, Team_2, Date, Year) VALUES (401, 414, '1958-06-08', 1958);
INSERT INTO match (Team_1, Team_2, Date, Year) VALUES (404, 408, '1958-06-08', 1958);
INSERT INTO match (Team_1, Team_2, Date, Year) VALUES (409, 406, '1958-06-08', 1958);
INSERT INTO match (Team_1, Team_2, Date, Year) VALUES (405, 415, '1958-06-08', 1958);
INSERT INTO match (Team_1, Team_2, Date, Year) VALUES (400, 413, '1958-06-08', 1958);
INSERT INTO match (Team_1, Team_2, Date, Year) VALUES (407, 410, '1958-06-08', 1958);
INSERT INTO match (Team_1, Team_2, Date, Year) VALUES (402, 411, '1958-06-08', 1958);
INSERT INTO match (Team_1, Team_2, Date, Year) VALUES (412, 403, '1958-06-08', 1958);
INSERT INTO match (Team_1, Team_2, Date, Year) VALUES (416, 417, '1954-07-04', 1954);
INSERT INTO match (Team_1, Team_2, Date, Year) VALUES (418, 419, '1954-07-03', 1954);
INSERT INTO match (Team_1, Team_2, Date, Year) VALUES (417, 419, '1954-06-30', 1954);
INSERT INTO match (Team_1, Team_2, Date, Year) VALUES (416, 418, '1954-06-30', 1954);
INSERT INTO match (Team_1, Team_2, Date, Year) VALUES (416, 420, '1954-06-27', 1954);
INSERT INTO match (Team_1, Team_2, Date, Year) VALUES (417, 421, '1954-06-27', 1954);
INSERT INTO match (Team_1, Team_2, Date, Year) VALUES (419, 422, '1954-06-26', 1954);
INSERT INTO match (Team_1, Team_2, Date, Year) VALUES (423, 418, '1954-06-26', 1954);
INSERT INTO match (Team_1, Team_2, Date, Year) VALUES (416, 424, '1954-06-23', 1954);
INSERT INTO match (Team_1, Team_2, Date, Year) VALUES (423, 425, '1954-06-23', 1954);
INSERT INTO match (Team_1, Team_2, Date, Year) VALUES (417, 416, '1954-06-20', 1954);
INSERT INTO match (Team_1, Team_2, Date, Year) VALUES (424, 426, '1954-06-20', 1954);
INSERT INTO match (Team_1, Team_2, Date, Year) VALUES (425, 427, '1954-06-20', 1954);
INSERT INTO match (Team_1, Team_2, Date, Year) VALUES (423, 422, '1954-06-20', 1954);
INSERT INTO match (Team_1, Team_2, Date, Year) VALUES (419, 428, '1954-06-19', 1954);
INSERT INTO match (Team_1, Team_2, Date, Year) VALUES (421, 420, '1954-06-19', 1954);
INSERT INTO match (Team_1, Team_2, Date, Year) VALUES (418, 429, '1954-06-19', 1954);
INSERT INTO match (Team_1, Team_2, Date, Year) VALUES (430, 431, '1954-06-19', 1954);
INSERT INTO match (Team_1, Team_2, Date, Year) VALUES (423, 425, '1954-06-17', 1954);
INSERT INTO match (Team_1, Team_2, Date, Year) VALUES (417, 426, '1954-06-17', 1954);
INSERT INTO match (Team_1, Team_2, Date, Year) VALUES (416, 424, '1954-06-17', 1954);
INSERT INTO match (Team_1, Team_2, Date, Year) VALUES (422, 427, '1954-06-17', 1954);
INSERT INTO match (Team_1, Team_2, Date, Year) VALUES (419, 429, '1954-06-16', 1954);
INSERT INTO match (Team_1, Team_2, Date, Year) VALUES (420, 430, '1954-06-16', 1954);
INSERT INTO match (Team_1, Team_2, Date, Year) VALUES (421, 431, '1954-06-16', 1954);
INSERT INTO match (Team_1, Team_2, Date, Year) VALUES (418, 428, '1954-06-16', 1954);
INSERT INTO match (Team_1, Team_2, Date, Year) VALUES (432, 433, '1950-07-16', 1950);
INSERT INTO match (Team_1, Team_2, Date, Year) VALUES (434, 435, '1950-07-16', 1950);
INSERT INTO match (Team_1, Team_2, Date, Year) VALUES (435, 433, '1950-07-13', 1950);
INSERT INTO match (Team_1, Team_2, Date, Year) VALUES (434, 432, '1950-07-13', 1950);
INSERT INTO match (Team_1, Team_2, Date, Year) VALUES (435, 432, '1950-07-09', 1950);
INSERT INTO match (Team_1, Team_2, Date, Year) VALUES (434, 433, '1950-07-09', 1950);
INSERT INTO match (Team_1, Team_2, Date, Year) VALUES (436, 437, '1950-07-02', 1950);
INSERT INTO match (Team_1, Team_2, Date, Year) VALUES (438, 439, '1950-07-02', 1950);
INSERT INTO match (Team_1, Team_2, Date, Year) VALUES (434, 440, '1950-07-02', 1950);
INSERT INTO match (Team_1, Team_2, Date, Year) VALUES (433, 441, '1950-07-02', 1950);
INSERT INTO match (Team_1, Team_2, Date, Year) VALUES (442, 443, '1950-07-02', 1950);
INSERT INTO match (Team_1, Team_2, Date, Year) VALUES (435, 444, '1950-07-01', 1950);
INSERT INTO match (Team_1, Team_2, Date, Year) VALUES (433, 436, '1950-06-29', 1950);
INSERT INTO match (Team_1, Team_2, Date, Year) VALUES (437, 441, '1950-06-29', 1950);
INSERT INTO match (Team_1, Team_2, Date, Year) VALUES (432, 439, '1950-06-29', 1950);
INSERT INTO match (Team_1, Team_2, Date, Year) VALUES (435, 442, '1950-06-28', 1950);
INSERT INTO match (Team_1, Team_2, Date, Year) VALUES (444, 443, '1950-06-28', 1950);
INSERT INTO match (Team_1, Team_2, Date, Year) VALUES (432, 438, '1950-06-25', 1950);
INSERT INTO match (Team_1, Team_2, Date, Year) VALUES (441, 436, '1950-06-25', 1950);
INSERT INTO match (Team_1, Team_2, Date, Year) VALUES (433, 437, '1950-06-25', 1950);
INSERT INTO match (Team_1, Team_2, Date, Year) VALUES (444, 442, '1950-06-25', 1950);
INSERT INTO match (Team_1, Team_2, Date, Year) VALUES (435, 443, '1950-06-24', 1950);
INSERT INTO match (Team_1, Team_2, Date, Year) VALUES (445, 446, '1938-06-19', 1938);
INSERT INTO match (Team_1, Team_2, Date, Year) VALUES (447, 448, '1938-06-19', 1938);
INSERT INTO match (Team_1, Team_2, Date, Year) VALUES (448, 446, '1938-06-16', 1938);
INSERT INTO match (Team_1, Team_2, Date, Year) VALUES (447, 445, '1938-06-16', 1938);
INSERT INTO match (Team_1, Team_2, Date, Year) VALUES (445, 449, '1938-06-14', 1938);
INSERT INTO match (Team_1, Team_2, Date, Year) VALUES (446, 450, '1938-06-12', 1938);
INSERT INTO match (Team_1, Team_2, Date, Year) VALUES (445, 449, '1938-06-12', 1938);
INSERT INTO match (Team_1, Team_2, Date, Year) VALUES (448, 451, '1938-06-12', 1938);
INSERT INTO match (Team_1, Team_2, Date, Year) VALUES (447, 452, '1938-06-12', 1938);
INSERT INTO match (Team_1, Team_2, Date, Year) VALUES (451, 453, '1938-06-09', 1938);
INSERT INTO match (Team_1, Team_2, Date, Year) VALUES (450, 454, '1938-06-09', 1938);
INSERT INTO match (Team_1, Team_2, Date, Year) VALUES (447, 455, '1938-06-05', 1938);
INSERT INTO match (Team_1, Team_2, Date, Year) VALUES (450, 454, '1938-06-05', 1938);
INSERT INTO match (Team_1, Team_2, Date, Year) VALUES (448, 456, '1938-06-05', 1938);
INSERT INTO match (Team_1, Team_2, Date, Year) VALUES (452, 457, '1938-06-05', 1938);
INSERT INTO match (Team_1, Team_2, Date, Year) VALUES (445, 458, '1938-06-05', 1938);
INSERT INTO match (Team_1, Team_2, Date, Year) VALUES (449, 459, '1938-06-05', 1938);
INSERT INTO match (Team_1, Team_2, Date, Year) VALUES (451, 453, '1938-06-04', 1938);
INSERT INTO match (Team_1, Team_2, Date, Year) VALUES (460, 461, '1934-06-10', 1934);
INSERT INTO match (Team_1, Team_2, Date, Year) VALUES (462, 463, '1934-06-07', 1934);
INSERT INTO match (Team_1, Team_2, Date, Year) VALUES (461, 462, '1934-06-03', 1934);
INSERT INTO match (Team_1, Team_2, Date, Year) VALUES (460, 463, '1934-06-03', 1934);
INSERT INTO match (Team_1, Team_2, Date, Year) VALUES (460, 464, '1934-06-01', 1934);
INSERT INTO match (Team_1, Team_2, Date, Year) VALUES (463, 465, '1934-05-31', 1934);
INSERT INTO match (Team_1, Team_2, Date, Year) VALUES (461, 466, '1934-05-31', 1934);
INSERT INTO match (Team_1, Team_2, Date, Year) VALUES (460, 464, '1934-05-31', 1934);
INSERT INTO match (Team_1, Team_2, Date, Year) VALUES (462, 467, '1934-05-31', 1934);
INSERT INTO match (Team_1, Team_2, Date, Year) VALUES (461, 468, '1934-05-27', 1934);
INSERT INTO match (Team_1, Team_2, Date, Year) VALUES (465, 469, '1934-05-27', 1934);
INSERT INTO match (Team_1, Team_2, Date, Year) VALUES (463, 470, '1934-05-27', 1934);
INSERT INTO match (Team_1, Team_2, Date, Year) VALUES (466, 471, '1934-05-27', 1934);
INSERT INTO match (Team_1, Team_2, Date, Year) VALUES (467, 472, '1934-05-27', 1934);
INSERT INTO match (Team_1, Team_2, Date, Year) VALUES (464, 473, '1934-05-27', 1934);
INSERT INTO match (Team_1, Team_2, Date, Year) VALUES (462, 474, '1934-05-27', 1934);
INSERT INTO match (Team_1, Team_2, Date, Year) VALUES (460, 475, '1934-05-27', 1934);
INSERT INTO match (Team_1, Team_2, Date, Year) VALUES (476, 477, '1930-07-30', 1930);
INSERT INTO match (Team_1, Team_2, Date, Year) VALUES (476, 478, '1930-07-27', 1930);
INSERT INTO match (Team_1, Team_2, Date, Year) VALUES (477, 479, '1930-07-26', 1930);
INSERT INTO match (Team_1, Team_2, Date, Year) VALUES (477, 480, '1930-07-22', 1930);
INSERT INTO match (Team_1, Team_2, Date, Year) VALUES (476, 481, '1930-07-21', 1930);
INSERT INTO match (Team_1, Team_2, Date, Year) VALUES (482, 483, '1930-07-20', 1930);
INSERT INTO match (Team_1, Team_2, Date, Year) VALUES (484, 485, '1930-07-20', 1930);
INSERT INTO match (Team_1, Team_2, Date, Year) VALUES (480, 486, '1930-07-19', 1930);
INSERT INTO match (Team_1, Team_2, Date, Year) VALUES (477, 487, '1930-07-19', 1930);
INSERT INTO match (Team_1, Team_2, Date, Year) VALUES (476, 488, '1930-07-18', 1930);
INSERT INTO match (Team_1, Team_2, Date, Year) VALUES (478, 483, '1930-07-17', 1930);
INSERT INTO match (Team_1, Team_2, Date, Year) VALUES (479, 484, '1930-07-17', 1930);
INSERT INTO match (Team_1, Team_2, Date, Year) VALUES (480, 487, '1930-07-16', 1930);
INSERT INTO match (Team_1, Team_2, Date, Year) VALUES (477, 486, '1930-07-15', 1930);
INSERT INTO match (Team_1, Team_2, Date, Year) VALUES (478, 482, '1930-07-14', 1930);
INSERT INTO match (Team_1, Team_2, Date, Year) VALUES (481, 488, '1930-07-14', 1930);
INSERT INTO match (Team_1, Team_2, Date, Year) VALUES (479, 485, '1930-07-13', 1930);
INSERT INTO match (Team_1, Team_2, Date, Year) VALUES (486, 487, '1930-07-13', 1930);