Argentina&2022: ['Ángel Di María', 'Lionel Messi', 'Julián Álvarez', 'Nahuel Molina', 'Alexis Mac Allister', 'Enzo Fernández']
France&2022: ['Kylian Mbappé', 'Theo Hernández', 'Randal Kolo Muani', 'Aurélien Tchouaméni', 'Olivier Giroud', 'Adrien Rabiot']
Croatia&2022: ['Joško Gvardiol', 'Mislav Oršić', 'Bruno Petković', 'Ivan Perišić', 'Andrej Kramarić', 'Marko Livaja', 'Lovro Majer']
Morocco&2022: ['Achraf Dari', 'Youssef En-Nesyri', 'Hakim Ziyech', 'Romain Saïss', 'Zakaria Aboukhlal']
Brazil&2022: ['Neymar', 'Vinicius Júnior', 'Richarlison', 'Lucas Paquetá', 'Casemiro']
Netherlands&2022: ['Wout Weghorst', 'Memphis', 'Daley Blind', 'Denzel Dumfries', 'Cody Gakpo', 'Frenkie de Jong', 'Davy Klaassen']
Portugal&2022: ['Gonçalo Ramos', 'Pepe', 'Raphaël Guerreiro', 'Rafael Leão', 'Ricardo Horta', 'Bruno Fernandes', 'João Félix']
Switzerland&2022: ['Manuel Akanji', 'Xherdan Shaqiri', 'Breel Embolo', 'Remo Freuler']
Japan&2022: ['Daizen Maeda', 'Ritsu Doan', 'Ao Tanaka', 'Takuma Asano']
Korea Republic&2022: ['Paik Seung-ho', 'Kim Young-gwon', 'Hwang Hee-chan', 'Cho Guesung']
England&2022: ['Jordan Henderson', 'Harry Kane', 'Bukayo Saka', 'Marcus Rashford', 'Phil Foden', 'Jude Bellingham', 'Raheem Sterling', 'Jack Grealish']
USA&2022: ['Haji Wright', 'Christian Pulisic', 'Timothy Weah']
Uruguay&2022: ['Giorgian De Arrascaeta']
Cameroon&2022: ['Vincent Aboubakar', 'Jean-Charles Castelletto', 'Eric Maxim Choupo-Moting']
Serbia&2022: ['Aleksandar Mitrović', 'Dušan Vlahović', 'Strahinja Pavlović', 'Sergej Milinković-Savić']
Costa Rica&2022: ['Yeltsin Tejeda', 'Keysher Fuller']
Germany&2022: ['Serge Gnabry', 'Kai Havertz', 'Niclas Füllkrug']
Spain&2022: ['Álvaro Morata', 'Dani Olmo', 'Marco Asensio', 'Ferrán Torres', 'Gavi', 'Carlos Soler']
Australia&2022: ['Mathew Leckie', 'Mitchell Duke', 'Craig Goodwin']
Tunisia&2022: ['Wahbi Khazri']
Saudi Arabia&2022: ['Salem Al-Dawsari', 'Saleh Al-Shehri']
Mexico&2022: ['Henry Martín', 'Luis Chávez']
Ecuador&2022: ['Moisés Caicedo', 'Enner Valencia']
Senegal&2022: ['Kalidou Koulibaly', 'Boulaye Dia', 'Famara Diedhiou', 'Bamba Dieng']
Ghana&2022: ['Mohammed Salisu', 'Kudus Mohammed', 'André Ayew', 'Osman Bukari']
Canada&2022: ['Alphonso Davies']
Poland&2022: ['Piotr Zieliński', 'Robert Lewandowski']
Denmark&2022: ['Andreas Christensen']
IR Iran&2022: ['Roozbeh Cheshmi', 'Ramin Rezaeian', 'Mehdi Taremi']
Qatar&2022: ['Mohammed Muntari']
Belgium&2022: ['Michy Batshuayi']
France&2018: ['Paul Pogba', 'Kylian Mbappé', 'Samuel Umtiti', 'Raphaël Varane', 'Antoine Griezmann', 'Benjamin Pavard']
Croatia&2018: ['Ivan Perišić', 'Mario Mandžukić', 'Andrej Kramarić', 'Domagoj Vida', 'Milan Badelj', 'Ante Rebić', 'Luka Modrić', 'Ivan Rakitić']
Belgium&2018: ['Thomas Meunier', 'Eden Hazard', 'Kevin De Bruyne', 'Jan Vertonghen', 'Marouane Fellaini', 'Nacer Chadli', 'Adnan Januzaj', 'Romelu Lukaku', 'Michy Batshuayi', 'Dries Mertens']
England&2018: ['Kieran Trippier', 'Harry Maguire', 'Dele Alli', 'John Stones', 'Jesse Lingard', 'Harry Kane']
Russia&2018: ['Denis Cheryshev', 'Mário Fernandes', 'Artem Dzyuba', 'Yuri Gazinskiy', 'Aleksandr Golovin']
Brazil&2018: ['Renato Augusto', 'Neymar', 'Roberto Firmino', 'Paulinho', 'Thiago Silva', 'Philippe Coutinho']
Sweden&2018: ['Emil Forsberg', 'Ludwig Augustinsson', 'Ola Toivonen']
Colombia&2018: ['Yerry Mina', 'Radamel Falcao', 'Juan Cuadrado', 'Juan Quintero']
Japan&2018: ['Genki Haraguchi', 'Takashi Inui', 'Keisuke Honda', 'Yuya Osako']
Denmark&2018: ['Mathias Jørgensen', 'Christian Eriksen', 'Yussuf Poulsen']
Argentina&2018: ['Ángel Di María', 'Gabriel Mercado', 'Sergio Agüero', 'Lionel Messi', 'Marcos Rojo']
Uruguay&2018: ['Edinson Cavani', 'Luis Suárez', 'José María Giménez']
Portugal&2018: ['Pepe', 'Ricardo Quaresma', 'Cristiano Ronaldo']
Poland&2018: ['Jan Bednarek', 'Grzegorz Krychowiak']
Tunisia&2018: ['Fakhreddine Ben Youssef', 'Wahbi Khazri', 'Dylan Bronn']
Korea Republic&2018: ['Kim Young-gwon', 'Son Heung-min']
Switzerland&2018: ['Blerim Džemaili', 'Josip Drmić', 'Granit Xhaka', 'Xherdan Shaqiri', 'Steven Zuber']
Costa Rica&2018: ['Kendall Waston']
Peru&2018: ['André Carrillo', 'Paolo Guerrero']
Saudi Arabia&2018: ['Salem Al-Dawsari']
Egypt&2018: ['Mohamed Salah']
Spain&2018: ['Isco', 'Iago Aspas', 'Diego Costa', 'Nacho']
Morocco&2018: ['Khalid Boutaïb', 'Youssef En-Nesyri']
Panama&2018: ['Felipe Baloy']
Senegal&2018: ['Sadio Mané', 'Moussa Wagué', 'MBaye Niang']
Mexico&2018: ['Javier Hernández', 'Hirving Lozano']
Germany&2018: ['Marco Reus', 'Toni Kroos']
Nigeria&2018: ['Ahmed Musa']
Serbia&2018: ['Aleksandar Mitrović', 'Aleksandar Kolarov']
Iceland&2018: ['Alfreð Finnbogason']
Germany&2014: ['Mario Götze', 'Thomas Müller', 'Miroslav Klose', 'Toni Kroos', 'Sami Khedira', 'André Schürrle', 'Mats Hummels', 'Mesut Özil']
Netherlands&2014: ['Daley Blind', 'Georginio Wijnaldum', 'Wesley Sneijder', 'Leroy Fer', 'Memphis', 'Arjen Robben', 'Robin van Persie', 'Stefan de Vrij']
Brazil&2014: ['Oscar', 'Thiago Silva', 'David Luiz', 'Neymar', 'Fred', 'Fernandinho']
Argentina&2014: ['Gonzalo Higuaín', 'Ángel Di María', 'Lionel Messi', 'Marcos Rojo']
Belgium&2014: ['Kevin De Bruyne', 'Romelu Lukaku', 'Jan Vertonghen', 'Divock Origi', 'Marouane Fellaini', 'Dries Mertens']
USA&2014: ['Julian Green', 'Jermaine Jones', 'Clint Dempsey', 'John Brooks']
France&2014: ['Paul Pogba', 'Olivier Giroud', 'Blaise Matuidi', 'Mathieu Valbuena', 'Karim Benzema', 'Moussa Sissoko']
Algeria&2014: ['Abdelmoumene Djabou', 'Islam Slimani', 'Rafik Halliche', 'Yacine Brahimi']
Mexico&2014: ['Giovani dos Santos', 'Rafael Márquez', 'Andrés Guardado', 'Javier Hernández', 'Oribe Peralta']
Costa Rica&2014: ['Bryan Ruiz', 'Joel Campbell', 'Óscar Duarte', 'Marco Ureña']
Greece&2014: ['Sokratis Papastathopoulos', 'Andreas Samaris']
Chile&2014: ['Alexis Sánchez', 'Eduardo Vargas', 'Charles Aránguiz', 'Jorge Valdivia', 'Jean Beausejour']
Colombia&2014: ['James Rodríguez', 'Jackson Martínez', 'Juan Quintero', 'Pablo Armero', 'Teófilo Gutiérrez']
Portugal&2014: ['Cristiano Ronaldo', 'Nani', 'Silvestre Varela']
Ghana&2014: ['Asamoah Gyan', 'André Ayew']
Russia&2014: ['Aleksandr Kokorin', 'Aleksandr Kerzhakov']
Bosnia and Herzegovina&2014: ['Edin Džeko', 'Miralem Pjanić', 'Avdija Vršajević', 'Vedad Ibišević']
IR Iran&2014: ['Reza Ghoochannejad']
Nigeria&2014: ['Ahmed Musa', 'Peter Odemwingie']
Switzerland&2014: ['Xherdan Shaqiri', 'Blerim Džemaili', 'Granit Xhaka', 'Admir Mehmedi', 'Haris Seferović']
Uruguay&2014: ['Diego Godín', 'Luis Suárez']
Japan&2014: ['Shinji Okazaki', 'Keisuke Honda']
Côte dIvoire&2014: ['Wilfried Bony', 'Gervinho']
Spain&2014: ['David Villa', 'Fernando Torres', 'Juan Mata']
Croatia&2014: ['Ivan Perišić', 'Ivica Olić', 'Mario Mandžukić']
Cameroon&2014: ['Joël Matip']
Korea Republic&2014: ['Son Heung-min', 'Koo Ja-cheol', 'Lee Keun-ho']
Honduras&2014: ['Carlo Costly']
Ecuador&2014: ['Enner Valencia']
England&2014: ['Wayne Rooney', 'Daniel Sturridge']
Australia&2014: ['Tim Cahill']
Italy&2014: ['Claudio Marchisio', 'Mario Balotelli']
Spain&2010: ['Andrés Iniesta', 'Carles Puyol', 'David Villa']
Uruguay&2010: ['Edinson Cavani', 'Diego Forlán', 'Maxi Pereira', 'Luis Suárez', 'Álvaro Pereira']
Germany&2010: ['Thomas Müller', 'Marcell Jansen', 'Sami Khedira', 'Miroslav Klose', 'Arne Friedrich', 'Lukas Podolski', 'Mesut Özil', 'Cacau']
Netherlands&2010: ['Giovanni van Bronckhorst', 'Wesley Sneijder', 'Arjen Robben', 'Robin van Persie', 'Klaas-Jan Huntelaar', 'Dirk Kuyt']
Brazil&2010: ['Robinho', 'Juan', 'Luís Fabiano', 'Elano', 'Maicon Sisenando']
Ghana&2010: ['Sulley Muntari', 'Kevin-Prince Boateng', 'Asamoah Gyan']
England&2010: ['Matthew Upson', 'Jermain Defoe', 'Steven Gerrard']
Argentina&2010: ['Carlos Tevez', 'Gonzalo Higuaín', 'Martín Demichelis', 'Martín Palermo', 'Gabriel Heinze']
Mexico&2010: ['Javier Hernández', 'Rafael Márquez']
Korea Republic&2010: ['Lee Chung-yong', 'Lee Jung-soo', 'Park Chu-young', 'Park Ji-sung']
Côte dIvoire&2010: ['Yaya Touré', 'Romaric', 'Salomon Kalou', 'Didier Drogba']
Chile&2010: ['Rodrigo Millar', 'Mark González', 'Jean Beausejour']
Slovakia&2010: ['Róbert Vittek', 'Kamil Kopúnek']
Italy&2010: ['Antonio Di Natale', 'Fabio Quagliarella', 'Daniele De Rossi']
Denmark&2010: ['Jon Dahl Tomasson', 'Nicklas Bendtner', 'Dennis Rommedahl']
Japan&2010: ['Keisuke Honda', 'Yasuhito Endō', 'Shinji Okazaki']
USA&2010: ['Landon Donovan', 'Michael Bradley', 'Clint Dempsey']
Australia&2010: ['Tim Cahill', 'Brett Holman']
Serbia&2010: ['Marko Pantelić', 'Milan Jovanović']
France&2010: ['Florent Malouda']
South Africa&2010: ['Bongani Khumalo', 'Katlego Mphela', 'Siphiwe Tshabalala']
Nigeria&2010: ['Kalu Uche']
Portugal&2010: ['Raul Meireles', 'Simão Sabrosa', 'Hugo Almeida', 'Tiago Mendes', 'Liédson', 'Cristiano Ronaldo']
Paraguay&2010: ['Enrique Vera', 'Cristian Riveros', 'Antolín Alcaraz']
New Zealand&2010: ['Shane Smeltz', 'Winston Reid']
Cameroon&2010: ['Samuel Etoo']
Slovenia&2010: ['Valter Birsa', 'Zlatan Ljubijankić', 'Robert Koren']
Greece&2010: ['Dimitris Salpingidis', 'Vasilis Torosidis']
Switzerland&2010: ['Gelson Fernandes']
Korea DPR&2010: ['Ji Yun-nam']
Italy&2006: ['Marco Materazzi', 'Fabio Grosso', 'Alessandro Del Piero', 'Gianluca Zambrotta', 'Luca Toni', 'Filippo Inzaghi', 'Alberto Gilardino', 'Andrea Pirlo', 'Vincenzo Iaquinta']
Germany&2006: ['Bastian Schweinsteiger', 'Miroslav Klose', 'Lukas Podolski', 'Oliver Neuville', 'Philipp Lahm', 'Torsten Frings']
Portugal&2006: ['Nuno Gomes', 'Maniche', 'Deco', 'Pauleta']
France&2006: ['Thierry Henry', 'Franck Ribéry', 'Patrick Vieira', 'Zinédine Zidane']
Argentina&2006: ['Roberto Ayala', 'Hernán Crespo', 'Maxi Rodríguez', 'Esteban Cambiasso', 'Carlos Tevez', 'Lionel Messi', 'Javier Saviola']
Brazil&2006: ['Ronaldo', 'Adriano', 'Zé Roberto', 'Juninho Pernambucano', 'Gilberto', 'Fred', 'Kaká']
England&2006: ['David Beckham', 'Joe Cole', 'Steven Gerrard', 'Peter Crouch']
Mexico&2006: ['Rafael Márquez', 'Francisco Fonseca', 'Omar Bravo', 'Sinha']
Spain&2006: ['Juanito', 'Raúl', 'Fernando Torres', 'Xabi Alonso', 'David Villa']
Switzerland&2006: ['Philippe Senderos', 'Alexander Frei', 'Tranquillo Barnetta']
Ghana&2006: ['Haminu Draman', 'Asamoah Gyan', 'Sulley Muntari']
USA&2006: ['Clint Dempsey']
Japan&2006: ['Keiji Tamada', 'Shunsuke Nakamura']
Croatia&2006: ['Darijo Srna', 'Niko Kovač']
Australia&2006: ['Harry Kewell', 'Tim Cahill', 'John Aloisi']
IR Iran&2006: ['Sohrab Bakhtiarizadeh', 'Yahya Golmohammadi']
Angola&2006: ['Flávio Amado']
Côte dIvoire&2006: ['Aruna Dindane', 'Bakari Koné', 'Didier Drogba']
Serbia and Montenegro&2006: ['Nikola Žigić', 'Saša Ilić']
Costa Rica&2006: ['Rónald Gómez', 'Paulo Wanchope']
Poland&2006: ['Bartosz Bosacki']
Paraguay&2006: ['Nelson Cuevas']
Sweden&2006: ['Marcus Allbäck', 'Henrik Larsson', 'Freddie Ljungberg']
Ukraine&2006: ['Andriy Rusol', 'Serhiy Rebrov', 'Andriy Shevchenko', 'Maksym Kalynychenko']
Tunisia&2006: ['Jawhar Mnari', 'Ziad Jaziri', 'Radhi Jaïdi']
Korea Republic&2006: ['Park Ji-sung', 'Lee Chun-soo', 'Ahn Jung-hwan']
Netherlands&2006: ['Robin van Persie', 'Ruud van Nistelrooy', 'Arjen Robben']
Ecuador&2006: ['Carlos Tenorio', 'Agustín Delgado', 'Iván Kaviedes']
Saudi Arabia&2006: ['Yasser Al-Qahtani', 'Sami Al-Jaber']
Togo&2006: ['Mohamed Kader']
Czech Republic&2006: ['Jan Koller', 'Tomáš Rosický']
Brazil&2002: ['Ronaldo', 'Rivaldo', 'Ronaldinho', 'Edmílson', 'Júnior', 'Roberto Carlos']
Korea Republic&2002: ['Lee Eul-yong', 'Song Chong-gug', 'Seol Ki-hyeon', 'Ahn Jung-hwan', 'Park Ji-sung', 'Hwang Sun-hong', 'Yoo Sang-chul']
Türkiye&2002: ['Hakan Şükür', 'İlhan Mansız', 'Ümit Davala', 'Hasan Şaş', 'Bülent Korkmaz', 'Emre Belözoğlu']
Germany&2002: ['Michael Ballack', 'Oliver Neuville', 'Marco Bode', 'Miroslav Klose', 'Carsten Jancker', 'Thomas Linke', 'Oliver Bierhoff', 'Bernd Schneider']
England&2002: ['Michael Owen', 'Rio Ferdinand', 'Emile Heskey', 'Sol Campbell']
Italy&2002: ['Christian Vieri', 'Alessandro Del Piero']
USA&2002: ['Brian McBride', 'Landon Donovan', 'Clint Mathis', 'John OBrien']
Sweden&2002: ['Henrik Larsson', 'Anders Svensson', 'Niclas Alexandersson']
Senegal&2002: ['Henri Camara', 'Khalilou Fadiga', 'Papa Bouba Diop', 'Salif Diao', 'Pape Malick Diop']
Spain&2002: ['Fernando Morientes', 'Raúl', 'Gaizka Mendieta', 'Juan Carlos Valerón']
Japan&2002: ['Hiroaki Morishima', 'Hidetoshi Nakata', 'Junichi Inamoto', 'Takayuki Suzuki']
Belgium&2002: ['Johan Walem', 'Wesley Sonck', 'Marc Wilmots', 'Peter Van der Heyden']
Russia&2002: ['Vladimir Beschastnykh', 'Dmitri Sychev', 'Yegor Titov']
Poland&2002: ['Emmanuel Olisadebe', 'Paweł Kryszałowicz', 'Marcin Żewłakow']
Costa Rica&2002: ['Paulo Wanchope', 'Rónald Gómez', 'Winston Parks', 'Mauricio Wright']
Mexico&2002: ['Jared Borgetti', 'Gerardo Torrado']
Ecuador&2002: ['Édison Méndez', 'Agustín Delgado']
Argentina&2002: ['Hernán Crespo', 'Gabriel Batistuta']
South Africa&2002: ['Benni McCarthy', 'Lucas Radebe', 'Siyabonga Nomvethe', 'Teboho Mokoena']
Slovenia&2002: ['Milenko Ačimovič', 'Sebastjan Cimirotič']
Paraguay&2002: ['Nelson Cuevas', 'Jorge Luis Campos', 'Roque Santa Cruz', 'Francisco Arce']
Denmark&2002: ['Dennis Rommedahl', 'Jon Dahl Tomasson']
Uruguay&2002: ['Richard Morales', 'Diego Forlán', 'Darío Rodríguez']
Republic of Ireland&2002: ['Robbie Keane', 'Gary Breen', 'Damien Duff', 'Matt Holland']
Tunisia&2002: ['Raouf Bouzaiene']
Portugal&2002: ['Pauleta', 'Rui Costa', 'Beto']
Croatia&2002: ['Ivica Olić', 'Milan Rapaić']
Nigeria&2002: ['Julius Aghahowa']
Cameroon&2002: ['Samuel Etoo', 'Patrick MBoma']
France&1998: ['Zinédine Zidane', 'Emmanuel Petit', 'Lilian Thuram', 'Laurent Blanc', 'Thierry Henry', 'David Trezeguet', 'Bixente Lizarazu', 'Christophe Dugarry']
Netherlands&1998: ['Boudewijn Zenden', 'Patrick Kluivert', 'Dennis Bergkamp', 'Edgar Davids', 'Phillip Cocu', 'Ronald de Boer', 'Marc Overmars', 'Pierre van Hooijdonk']
Croatia&1998: ['Robert Prosinečki', 'Davor Šuker', 'Robert Jarni', 'Goran Vlaović', 'Mario Stanić']
Brazil&1998: ['Ronaldo', 'Bebeto', 'Rivaldo', 'César Sampaio']
Argentina&1998: ['Claudio López', 'Javier Zanetti', 'Mauricio Pineda', 'Ariel Ortega', 'Gabriel Batistuta']
Denmark&1998: ['Martin Jørgensen', 'Brian Laudrup', 'Peter Møller', 'Ebbe Sand', 'Thomas Helveg', 'Allan Nielsen', 'Marc Rieper']
England&1998: ['Michael Owen', 'Darren Anderton', 'David Beckham', 'Alan Shearer', 'Paul Scholes']
Germany&1998: ['Jürgen Klinsmann', 'Oliver Bierhoff', 'Andreas Möller']
Mexico&1998: ['Luis Hernández', 'Ricardo Peláez', 'Claudio Suárez', 'Carlos Blanco']
FR Yugoslavia&1998: ['Slobodan Komljenović', 'Predrag Mijatović', 'Dragan Stojković', 'Siniša Mihajlović']
Nigeria&1998: ['Tijani Babangida', 'Wilson Oruma', 'Victor Ikpeba', 'Mutiu Adepoju', 'Sunday Oliseh']
Italy&1998: ['Christian Vieri', 'Roberto Baggio', 'Luigi Di Biagio']
Chile&1998: ['Marcelo Salas', 'José Luis Sierra']
Japan&1998: ['Masashi Nakayama']
Jamaica&1998: ['Theodore Whitmore', 'Robbie Earle']
Romania&1998: ['Viorel Moldovan', 'Dan Petrescu', 'Adrian Ilie']
Belgium&1998: ['Luc Nilis', 'Marc Wilmots']
Korea Republic&1998: ['Yoo Sang-chul', 'Ha Seok-ju']
South Africa&1998: ['Shaun Bartlett', 'Benni McCarthy']
Spain&1998: ['Luis Enrique', 'Fernando Morientes', 'Kiko', 'Fernando Hierro', 'Raúl']
Bulgaria&1998: ['Emil Kostadinov']
Paraguay&1998: ['Celso Ayala', 'Miguel Ángel Benítez', 'José Cardozo']
Cameroon&1998: ['Patrick MBoma', 'Pierre Njanka']
Norway&1998: ['Tore André Flo', 'Håvard Flo', 'Dan Eggen']
Morocco&1998: ['Salaheddine Bassir', 'Abdeljalil Hadda', 'Mustapha Hadji']
Colombia&1998: ['Léider Preciado']
USA&1998: ['Brian McBride']
IR Iran&1998: ['Hamid Estili', 'Mehdi Mahdavikia']
Austria&1998: ['Ivica Vastić', 'Toni Polster']
Scotland&1998: ['Craig Burley']
Sweden&1994: ['Tomas Brolin', 'Håkan Mild', 'Henrik Larsson', 'Kennet Andersson', 'Martin Dahlin', 'Roger Ljung']
Italy&1994: ['Roberto Baggio', 'Dino Baggio', 'Daniele Massaro']
Brazil&1994: ['Romário', 'Bebeto', 'Branco', 'Márcio Santos']
Bulgaria&1994: ['Hristo Stoichkov', 'Yordan Letchkov', 'Nasko Sirakov', 'Daniel Borimirov']
Romania&1994: ['Florin Răducioiu', 'Ilie Dumitrescu', 'Gheorghe Hagi', 'Dan Petrescu']
Spain&1994: ['José Luis Caminero', 'Fernando Hierro', 'Luis Enrique', 'Ion Andoni Goikoetxea', 'Julio Salinas']
Netherlands&1994: ['Dennis Bergkamp', 'Aron Winter', 'Wim Jonk', 'Bryan Roy', 'Gaston Taument']
Nigeria&1994: ['Emmanuel Amunike', 'Finidi George', 'Daniel Amokachi', 'Samson Siasia', 'Rashidi Yekini']
Saudi Arabia&1994: ['Fahad Al-Ghesheyan', 'Saeed Al-Owairan', 'Fuad Anwar']
Argentina&1994: ['Abel Balbo', 'Claudio Caniggia', 'Gabriel Batistuta', 'Diego Maradona']
Germany&1994: ['Rudi Völler', 'Jürgen Klinsmann', 'Karl-Heinz Riedle']
Belgium&1994: ['Georges Grün', 'Philippe Albert', 'Marc Degryse']
Morocco&1994: ['Hassan Nader', 'Mohammed Chaouch']
Mexico&1994: ['Marcelino Bernal', 'Luis García Postigo']
Russia&1994: ['Oleg Salenko', 'Dmitri Radchenko']
Cameroon&1994: ['Roger Milla', 'David Embé', 'François Omam-Biyik']
Korea Republic&1994: ['Hwang Sun-hong', 'Hong Myung-bo', 'Seo Jung-won']
Bolivia&1994: ['Erwin Sánchez']
Colombia&1994: ['Hernán Gaviria', 'John Harold Lozano', 'Adolfo Valencia']
Republic of Ireland&1994: ['John Aldridge', 'Ray Houghton']
Switzerland&1994: ['Alain Sutter', 'Stéphane Chapuisat', 'Adrian Knup', 'Georges Bregy']
USA&1994: ['Earnie Stewart', 'Eric Wynalda']
Norway&1994: ['Kjetil Rekdal']
Italy&1990: ['Roberto Baggio', 'Salvatore Schillaci', 'Aldo Serena', 'Giuseppe Giannini']
England&1990: ['David Platt', 'Gary Lineker', 'Mark Wright']
Germany&1990: ['Andreas Brehme', 'Jürgen Klinsmann', 'Pierre Littbarski', 'Rudi Völler', 'Lothar Matthäus', 'Uwe Bein']
Argentina&1990: ['Claudio Caniggia', 'Pedro Monzón', 'Pedro Troglio', 'Jorge Burruchaga']
Cameroon&1990: ['Eugène Ekéké', 'Roger Milla', 'François Omam-Biyik']
Spain&1990: ['Julio Salinas', 'Alberto Górriz', 'Míchel']
Yugoslavia&1990: ['Dragan Stojković', 'Safet Sušić', 'Darko Pančev', 'Robert Prosinečki', 'Davor Jozić']
Colombia&1990: ['Bernardo Redín', 'Freddy Rincón', 'Carlos Valderrama']
Czechoslovakia&1990: ['Tomáš Skuhravý', 'Luboš Kubík', 'Ivan Hašek', 'Milan Luhový']
Costa Rica&1990: ['Rónald González Brenes', 'Róger Flores', 'Hernán Medford', 'Juan Cayasso']
Belgium&1990: ['Patrick Vervoort', 'Lei Clijsters', 'Enzo Scifo', 'Jan Ceulemans', 'Marc Degryse', 'Michel De Wolf']
Uruguay&1990: ['Daniel Fonseca', 'Pablo Bengoechea']
Republic of Ireland&1990: ['Niall Quinn', 'Kevin Sheedy']
Netherlands&1990: ['Ruud Gullit', 'Wim Kieft']
Sweden&1990: ['Johnny Ekström', 'Glenn Strömberg', 'Tomas Brolin']
Brazil&1990: ['Müller', 'Careca']
United Arab Emirates&1990: ['Ali Thani Jumaa', 'Khalid Ismaïl']
Austria&1990: ['Andreas Ogris', 'Gerhard Rodax']
USA&1990: ['Bruce Murray', 'Paul Caligiuri']
Romania&1990: ['Gabi Balint', 'Marius Lăcătuș']
Soviet Union&1990: ['Oleh Protasov', 'Andrei Zygmantovich', 'Oleksandr Zavarov', 'Igor Dobrovolski']
Korea Republic&1990: ['Hwangbo Kwan']
Scotland&1990: ['Stuart McCall']
Argentina&1986: ['José Luis Brown', 'Jorge Valdano', 'Jorge Burruchaga', 'Diego Maradona', 'Pedro Pasculli', 'Oscar Ruggeri']
Germany&1986: ['Karl-Heinz Rummenigge', 'Rudi Völler', 'Andreas Brehme', 'Lothar Matthäus', 'Klaus Allofs']
France&1986: ['Jean-Marc Ferreri', 'Jean-Pierre Papin', 'Bernard Genghini', 'Michel Platini', 'Yannick Stopyra', 'Jean Tigana', 'Dominique Rocheteau', 'Luis Fernández']
Belgium&1986: ['Jan Ceulemans', 'Nico Claesen', 'Enzo Scifo', 'Stéphane Demol', 'Franky Vercauteren', 'Daniel Veyt', 'Erwin Vandenbergh']
England&1986: ['Gary Lineker', 'Peter Beardsley']
Spain&1986: ['Juan Antonio Señor', 'Emilio Butragueño', 'Ramón Calderé', 'Eloy Olaya', 'Julio Salinas']
Brazil&1986: ['Careca', 'Josimar', 'Edinho', 'Sócrates']
Mexico&1986: ['Manuel Negrete Arias', 'Raúl Servín', 'Fernando Quirarte', 'Luis Flores', 'Hugo Sánchez']
Soviet Union&1986: ['Igor Belanov', 'Oleh Blokhin', 'Oleksandr Zavarov', 'Vasyl Rats', 'Pavlo Yakovenko', 'Sergei Aleinikov', 'Ivan Yaremchuk', 'Sergey Rodionov']
Denmark&1986: ['John Eriksen', 'Preben Elkjær', 'Søren Lerby', 'Michael Laudrup', 'Jesper Olsen']
Paraguay&1986: ['Roberto Cabañas', 'Julio César Romero']
Portugal&1986: ['Diamantino Miranda', 'Carlos Manuel']
Morocco&1986: ['Abderrazak Khairi', 'Abdelkrim Merry']
Korea Republic&1986: ['Choi Soon-ho', 'Huh Jung-moo', 'Kim Jong-boo', 'Park Chang-sun']
Italy&1986: ['Alessandro Altobelli']
Scotland&1986: ['Gordon Strachan']
Iraq&1986: ['Ahmed Radhi']
Northern Ireland&1986: ['Colin Clarke', 'Norman Whiteside']
Poland&1986: ['Włodzimierz Smolarek']
Hungary&1986: ['Márton Esterházy', 'Lajos Détári']
Bulgaria&1986: ['Plamen Getov', 'Nasko Sirakov']
Uruguay&1986: ['Antonio Alzamendi']
Algeria&1986: ['Djamel Zidane']
Italy&1982: ['Paolo Rossi', 'Marco Tardelli', 'Alessandro Altobelli', 'Antonio Cabrini', 'Francesco Graziani', 'Bruno Conti']
Germany&1982: ['Paul Breitner', 'Pierre Littbarski', 'Karl-Heinz Rummenigge', 'Klaus Fischer', 'Horst Hrubesch', 'Uwe Reinders']
Poland&1982: ['Andrzej Szarmach', 'Stefan Majewski', 'Janusz Kupcewicz', 'Zbigniew Boniek', 'Włodzimierz Smolarek', 'Grzegorz Lato', 'Andrzej Buncol', 'Włodzimierz Ciołek']
France&1982: ['René Girard', 'Alain Couriol', 'Marius Trésor', 'Alain Giresse', 'Dominique Rocheteau', 'Bernard Genghini', 'Didier Six', 'Michel Platini', 'Maxime Bossis', 'Gérard Soler']
Brazil&1982: ['Sócrates', 'Paulo Roberto Falcão', 'Zico', 'Serginho Chulapa', 'Leovegildo Lins da Gama Júnior', 'Oscar', 'Éder Aleixo de Assis']
Northern Ireland&1982: ['Gerry Armstrong', 'Billy Hamilton']
Argentina&1982: ['Ramón Díaz', 'Daniel Passarella', 'Daniel Bertoni', 'Diego Maradona', 'Osvaldo Ardiles']
Spain&1982: ['Jesús María Zamora', 'Enrique Saura']
Austria&1982: ['Bruno Pezzey', 'Reinhold Hintermaier', 'Walter Schachner', 'Hans Krankl']
Soviet Union&1982: ['Khoren Oganesian', 'Aleksandre Chivadze', 'Ramaz Shengelia', 'Yuri Gavrilov', 'Oleh Blokhin', 'Sergei Pavlovich Baltacha', 'Andriy Bal']
England&1982: ['Trevor Francis', 'Bryan Robson', 'Paul Mariner']
Algeria&1982: ['Salah Assad', 'Tedj Bensaoula', 'Rabah Madjer', 'Lakhdar Belloumi']
Chile&1982: ['Juan Carlos Letelier', 'Gustavo Moscoso']
Cameroon&1982: ['Grégoire MBida']
Peru&1982: ['Guillermo La Rosa', 'Rubén Toribio Díaz']
Belgium&1982: ['Alexandre Czerniatynski', 'Ludo Coeck', 'Erwin Vandenbergh']
Hungary&1982: ['József Varga', 'Gábor Pölöskei', 'Tibor Nyilasi', 'László Fazekas', 'József Tóth', 'László Kiss', 'Lázár Szentes']
Scotland&1982: ['Joe Jordan', 'Graeme Souness', 'David Narey', 'Kenny Dalglish', 'John Wark', 'John Robertson', 'Steve Archibald']
Kuwait&1982: ['Abdullah Al-Buloushi', 'Faisal Al-Dakhil']
Honduras&1982: ['Eduardo Laing', 'Héctor Zelaya']
Yugoslavia&1982: ['Ivan Gudelj']
El Salvador&1982: ['Luis Ramírez Zapata']
New Zealand&1982: ['Steve Sumner', 'Steve Wooddin']
Argentina&1978: ['Mario Kempes', 'Daniel Bertoni', 'Alberto Tarantini', 'Leopoldo Luque', 'René Houseman']
Netherlands&1978: ['Dick Nanninga', 'Ernie Brandts', 'Arie Haan', 'René van de Kerkhof', 'Johnny Rep', 'Willy van de Kerkhof', 'Rob Rensenbrink']
Brazil&1978: ['Nelinho', 'Dirceu', 'Roberto Dinamite', 'José Reinaldo de Lima']
Italy&1978: ['Franco Causio', 'Paolo Rossi', 'Roberto Bettega', 'Romeo Benetti', 'Renato Zaccarelli']
Austria&1978: ['Hans Krankl', 'Erich Obermayer', 'Walter Schachner']
Germany&1978: ['Karl-Heinz Rummenigge', 'Bernd Hölzenbein', 'Rüdiger Abramczik', 'Dieter Müller', 'Hansi Müller', 'Heinz Flohe']
Poland&1978: ['Grzegorz Lato', 'Andrzej Szarmach', 'Zbigniew Boniek', 'Kazimierz Deyna']
Spain&1978: ['Juan Manuel Asensi', 'Daniel Ruiz']
Peru&1978: ['José Velásquez', 'Teófilo Cubillas', 'César Cueto']
IR Iran&1978: ['Hassan Rowshan', 'Iraj Danaeifard']
Scotland&1978: ['Kenny Dalglish', 'Archie Gemmill', 'Joe Jordan']
France&1978: ['Christian Lopez', 'Marc Berdoll', 'Dominique Rocheteau', 'Michel Platini', 'Bernard Lacombe']
Hungary&1978: ['Sándor Zombori', 'Károly Csapó']
Mexico&1978: ['Víctor Rangel']
Sweden&1978: ['Thomas Sjöberg']
Tunisia&1978: ['Ali Kaabi', 'Néjib Ghommidh', 'Mokhtar Dhouieb']
Germany&1974: ['Gerd Müller', 'Joachim Streich', 'Wolfgang Overath', 'Rainer Bonhof', 'Jürgen Grabowski', 'Paul Breitner', 'Jürgen Sparwasser', 'Bernhard Cullmann', 'Martin Hoffmann']
Poland&1974: ['Grzegorz Lato', 'Andrzej Szarmach', 'Kazimierz Deyna', 'Jerzy Gorgoń']
Netherlands&1974: ['Johan Neeskens', 'Johan Cruyff', 'Rob Rensenbrink', 'Ruud Krol', 'Johnny Rep', 'Theo de Jong']
Argentina&1974: ['René Houseman', 'Miguel Ángel Brindisi', 'Héctor Yazalde', 'Rubén Ayala', 'Ramón Heredia', 'Carlos Babington']
Sweden&1974: ['Ralf Edström', 'Conny Torstensson', 'Roland Sandberg']
Yugoslavia&1974: ['Ivica Šurjak', 'Stanislav Karasi', 'Dušan Bajević', 'Dragan Džajić', 'Josip Katalinski', 'Vladislav Bogićević', 'Branko Oblak', 'Ilija Petković']
Brazil&1974: ['Rivellino', 'Jairzinho', 'Valdomiro Vaz Franco']
Italy&1974: ['Fabio Capello', 'Gianni Rivera', 'Romeo Benetti', 'Pietro Anastasi']
Haiti&1974: ['Emmanuel Sanon']
Scotland&1974: ['Joe Jordan', 'Peter Lorimer']
Bulgaria&1974: ['Hristo Bonev']
Uruguay&1974: ['Ricardo Pavoni']
Chile&1974: ['Sergio Ahumada']
Brazil&1970: ['Pelé', 'Gérson', 'Jairzinho', 'Carlos Alberto Torres', 'Clodoaldo', 'Rivellino', 'Tostão']
Italy&1970: ['Roberto Boninsegna', 'Tarcisio Burgnich', 'Luigi Riva', 'Gianni Rivera', 'Angelo Domenghini']
Germany&1970: ['Wolfgang Overath', 'Karl-Heinz Schnellinger', 'Gerd Müller', 'Franz Beckenbauer', 'Uwe Seeler', 'Reinhard Libuda']
Uruguay&1970: ['Luis Cubilla', 'Víctor Espárrago', 'Ildo Maneiro', 'Juan Mujica']
Peru&1970: ['Alberto Gallardo', 'Teófilo Cubillas', 'Roberto Challe', 'Héctor Chumpitaz']
Mexico&1970: ['José Luis González Dávila', 'Javier Valdivia', 'Javier Fragoso', 'Juan Ignacio Basaguren']
England&1970: ['Alan Mullery', 'Martin Peters', 'Geoff Hurst']
Bulgaria&1970: ['Dobromir Zhechev', 'Asparuh Nikodimov', 'Todor Kolev', 'Dinko Dermendzhiev', 'Hristo Bonev']
Morocco&1970: ['Maouhoub Ghazouani', 'Houmane Jarir']
Romania&1970: ['Florea Dumitrache', 'Emerich Dembrovschi', 'Alexandru Neagu']
Sweden&1970: ['Ove Grahn', 'Tom Turesson']
Soviet Union&1970: ['Anatoliy Byshovets', 'Kakhi Asatiani', 'Vitaliy Khmelnytskyi']
Israel&1970: ['Mordechai Spiegler']
Czechoslovakia&1970: ['Ladislav Petráš']
Belgium&1970: ['Raoul Lambert', 'Wilfried Van Moer']
England&1966: ['Geoff Hurst', 'Martin Peters', 'Bobby Charlton', 'Roger Hunt']
Germany&1966: ['Helmut Haller', 'Wolfgang Weber', 'Franz Beckenbauer', 'Uwe Seeler', 'Lothar Emmerich', 'Sigfried Held']
Portugal&1966: ['José Augusto Torres', 'Eusébio', 'José Augusto de Almeida', 'António Simões']
Soviet Union&1966: ['Eduard Malofeyev', 'Valeriy Porkujan', 'Igor Chislenko', 'Anatoliy Banishevskiy']
Korea DPR&1966: ['Pak Seung-zin', 'Li Dong-woon', 'Yang Seung-kook', 'Pak Doo-ik']
Hungary&1966: ['Ferenc Bene', 'Kálmán Mészöly', 'János Farkas']
Bulgaria&1966: ['Georgi Asparuhov']
Spain&1966: ['Josep Maria Fusté', 'Manuel Sanchís', 'Amancio Amaro', 'Pirri']
Chile&1966: ['Rubén Marcos']
Argentina&1966: ['Luis Artime', 'Ermindo Onega']
Brazil&1966: ['Rildo da Costa Menezes', 'Tostão', 'Pelé', 'Garrincha']
Switzerland&1966: ['René-Pierre Quentin']
Uruguay&1966: ['Pedro Rocha', 'Julio César Cortés']
France&1966: ['Gérard Hausser']
Mexico&1966: ['Enrique Borja']
Italy&1966: ['Sandro Mazzola', 'Paolo Barison']
Brazil&1962: ['Amarildo Tavares da Silveira', 'Zito', 'Vavá', 'Garrincha', 'Mário Zagallo', 'Pelé']
Czechoslovakia&1962: ['Josef Masopust', 'Josef Kadraba', 'Adolf Scherer', 'Václav Mašek', 'Jozef Štibrányi']
Chile&1962: ['Eladio Rojas', 'Jorge Toro', 'Leonel Sánchez', 'Jaime Ramírez']
Yugoslavia&1962: ['Dražan Jerković', 'Petar Radaković', 'Milan Galić', 'Vojislav Melić']
Soviet Union&1962: ['Igor Chislenko', 'Aleksei Mamykin', 'Valentin Kozmich Ivanov', 'Viktor Ponedelnik']
England&1962: ['Gerry Hitchens', 'Bobby Charlton', 'Jimmy Greaves']
Mexico&1962: ['Isidoro Díaz', 'Alfredo del Águila']
Italy&1962: ['Bruno Mora', 'Giacomo Bulgarelli']
Germany&1962: ['Uwe Seeler', 'Albert Brülls']
Uruguay&1962: ['José Sasía', 'Ángel Cabrera', 'Luis Cubilla']
Spain&1962: ['Adelardo Rodríguez', 'Joaquín Peiró']
Colombia&1962: ['Germán Aceros', 'Marcos Coll', 'Antonio Rada', 'Marino Klinger']
Hungary&1962: ['Flórián Albert', 'Lajos Tichy', 'Ernő Solymosi']
Bulgaria&1962: ['Georgi Sokolov']
Switzerland&1962: ['Heinz Schneiter', 'Rolf Wüthrich']
Argentina&1962: ['José Sanfilippo', 'Héctor Facundo']
Brazil&1958: ['Vavá', 'Pelé', 'Mário Zagallo', 'Didi', 'José Altafini', 'Nílton Santos']
Sweden&1958: ['Nils Liedholm', 'Agne Simonsson', 'Lennart Skoglund', 'Gunnar Gren', 'Kurt Hamrin']
France&1958: ['Just Fontaine', 'Yvon Douis', 'Roger Piantoni', 'Maryan Wisnieski', 'Raymond Kopa', 'Jean Vincent']
Germany&1958: ['Hans Cieslarczyk', 'Helmut Rahn', 'Hans Schäfer', 'Uwe Seeler']
Northern Ireland&1958: ['Peter McParland', 'Wilbur Cush']
Czechoslovakia&1958: ['Zdeněk Zikán', 'Milan Dvořák', 'Jiří Feureisl', 'Václav Hovorka']
Wales&1958: ['Ivor Allchurch', 'Terry Medwin', 'John Charles']
Hungary&1958: ['Lajos Tichy', 'Károly Sándor', 'József Bencsics', 'József Bozsik']
Soviet Union&1958: ['Anatoli Ilyin', 'Valentin Kozmich Ivanov', 'Nikita Simonyan', 'Aleksandr Ivanov']
Paraguay&1958: ['José Parodi', 'Juan Bautista Agüero', 'Jorge Lino Romero', 'Cayetano Ré', 'Florencio Amarilla']
Yugoslavia&1958: ['Radivoje Ognjanović', 'Todor Veselinović', 'Zdravko Rajkov', 'Aleksandar Petaković']
England&1958: ['Johnny Haynes', 'Derek Kevan']
Austria&1958: ['Karl Koller', 'Alfred Körner']
Scotland&1958: ['Sammy Baird', 'Jackie Mudie', 'Bobby Collins', 'Jimmy Murray']
Argentina&1958: ['Norberto Menéndez', 'Ludovico Avio', 'Oreste Corbatta']
Mexico&1958: ['Jaime Belmonte']
Germany&1954: ['Max Morlock', 'Helmut Rahn', 'Hans Schäfer', 'Ottmar Walter', 'Fritz Walter', 'Alfred Pfaff', 'Richard Herrmann', 'Bernhard Klodt']
Hungary&1954: ['Ferenc Puskás', 'Zoltán Czibor', 'Nándor Hidegkuti', 'Sándor Kocsis', 'József Tóth', 'Mihály Lantos', 'Péter Palotás']
Austria&1954: ['Ernst Ocwirk', 'Erich Probst', 'Theodor Wagner', 'Alfred Körner', 'Ernst Stojaspal']
Uruguay&1954: ['Juan Hohberg', 'Carlos Borges', 'Obdulio Varela', 'Juan Alberto Schiaffino', 'Javier Ambrois', 'Óscar Míguez', 'Julio Abbadie']
Brazil&1954: ['Júlio Botelho', 'Didi', 'Baltazar', 'José Lázaro Robles']
England&1954: ['Nat Lofthouse', 'Tom Finney', 'Jimmy Mullen', 'Dennis Wilshaw', 'Ivor Broadis']
Switzerland&1954: ['Robert Ballaman', 'Josef Hügi', 'Jacques Fatton']
Türkiye&1954: ['Mustafa Ertan', 'Lefter Küçükandonyadis', 'Suat Mamat', 'Burhan Sargun', 'Erol Keskin']
Italy&1954: ['Fulvio Nesti', 'Carlo Galli', 'Amleto Frignani', 'Benito Lorenzi', 'Giampiero Boniperti']
Belgium&1954: ['Léopold Anoul', 'Henri Coppens']
Yugoslavia&1954: ['Branko Zebec', 'Miloš Milutinović']
France&1954: ['Jean Vincent']
Mexico&1954: ['José Luis Lamadrid', 'Tomás Balcázar']
Sweden&1950: ['Stig Sundqvist', 'Bror Mellberg', 'Karl-Erik Palmér', 'Hasse Jeppson', 'Sune Andersson']
Spain&1950: ['Telmo Zarra', 'Silvestre Igoa', 'Estanislau Basora']
Uruguay&1950: ['Juan Alberto Schiaffino', 'Alcides Ghiggia', 'Óscar Míguez', 'Obdulio Varela', 'Ernesto Vidal', 'Julio Pérez']
Brazil&1950: ['Friaça', 'Jair da Rosa Pinto', 'Francisco Aramburu', 'Ademir', 'Zizinho', 'Maneca', 'Alfredo II', 'Baltazar']
Chile&1950: ['George Robledo', 'Atilio Cremaschi', 'Andrés Prieto', 'Fernando Riera']
USA&1950: ['Frank Wallace', 'Joe Gaetjens', 'Gino Pariani']
Italy&1950: ['Riccardo Carapellese', 'Egisto Pandolfini', 'Ermes Muccinelli']
Switzerland&1950: ['René Bader', 'Charles Antenen', 'Jacques Fatton']
Mexico&1950: ['Horacio Casarín']
Paraguay&1950: ['César López Fretes', 'Atilio López']
Yugoslavia&1950: ['Stjepan Bobek', 'Željko Čajkovski', 'Kosta Tomašević', 'Rajko Mitić', 'Tihomir Ognjanov']
England&1950: ['Stan Mortensen', 'Wilf Mannion']
Brazil&1938: ['Romeu Pellicciari', 'Leônidas', 'José Perácio', 'Roberto']
Sweden&1938: ['Sven Jonasson', 'Arne Nyberg', 'Harry Andersson', 'Gustav Wetterström', 'Tore Keller']
Italy&1938: ['Gino Colaussi', 'Silvio Piola', 'Pietro Ferraris']
Hungary&1938: ['Pál Titkos', 'György Sárosi', 'Gyula Zsengellér', 'Vilmos Kohut', 'Géza Toldi']
Czechoslovakia&1938: ['Vlastimil Kopecký', 'Josef Košťálek', 'Josef Zeman', 'Oldřich Nejedlý']
France&1938: ['Oscar Heisserer', 'Émile Veinante', 'Jean Nicolas']
Switzerland&1938: ['Eugen Walaschek', 'Alfred Bickel', 'André Abegglen']
Germany&1938: ['Wilhelm Hahnemann', 'Josef Gauchel']
Cuba&1938: ['Héctor Socorro', 'Tomás Fernández', 'José Magriñá']
Romania&1938: ['Ștefan Dobay', 'Silviu Bindea', 'Iuliu Barátky']
Norway&1938: ['Arne Brustad']
Belgium&1938: ['Henri Isemborghs']
Poland&1938: ['Ernst Wilimowski']
Italy&1934: ['Raimundo Orsi', 'Angelo Schiavio', 'Enrique Guaita', 'Giuseppe Meazza', 'Giovanni Ferrari']
Czechoslovakia&1934: ['Antonín Puč', 'Oldřich Nejedlý', 'František Svoboda', 'Jiří Sobotka']
Germany&1934: ['Ernst Lehner', 'Edmund Conen', 'Rudolf Noack', 'Karl Hohmann', 'Stanislaus Kobierski', 'Otto Siffling']
Austria&1934: ['Johann Horvath', 'Karl Sesta', 'Karl Zischek', 'Matthias Sindelar', 'Anton Schall', 'Josef Bican']
Switzerland&1934: ['Leopold Kielholz', 'Willy Jäggi', 'André Abegglen']
Spain&1934: ['Luis Regueiro', 'José Iraragorri', 'Isidro Lángara']
Sweden&1934: ['Gösta Dunker', 'Sven Jonasson', 'Knut Kroon']
Romania&1934: ['Ștefan Dobay']
Hungary&1934: ['Pál Teleki', 'Géza Toldi', 'Jenő Vincze']
Egypt&1934: ['Abdulrahman Fawzi']
France&1934: ['Jean Nicolas']
Netherlands&1934: ['Kick Smit', 'Leen Vente']
Argentina&1934: ['Ernesto Belis', 'Alberto Galateo']
Brazil&1934: ['Leônidas']
Belgium&1934: ['Bernard Voorhoof']
USA&1934: ['Aldo Donelli']
Uruguay&1930: ['Pablo Dorado', 'Pedro Cea', 'Santos Iriarte', 'Héctor Castro', 'Peregrino Anselmo', 'Héctor Scarone']
Argentina&1930: ['Carlos Peucelle', 'Guillermo Stábile', 'Luis Monti', 'Alejandro Scopelli', 'Mario Evaristo', 'Adolfo Zumelzú', 'Francisco Varallo']
Yugoslavia&1930: ['Đorđe Vujadinović', 'Ivan Bek', 'Blagoje Marjanović', 'Aleksandar Tirnanić']
USA&1930: ['Jim Brown', 'Bert Patenaude', 'Bart McGhee', 'Tom Florie']
Chile&1930: ['Guillermo Subiabre', 'Carlos Vidal']
Brazil&1930: ['Moderato Wisintainer', 'Preguinho']
Paraguay&1930: ['Luis Vargas Peña']
Mexico&1930: ['Manuel Rosas', 'Roberto Gayón', 'Juan Carreño']
Romania&1930: ['Adalbert Deșu', 'Constantin Stanciu', 'Nicolae Kovács']
Peru&1930: ['Luis de Souza Ferreira']
France&1930: ['Lucien Laurent', 'Marcel Langiller', 'André Maschinot']